,Return on Common Equity,Volatility 30 Day,Volatility 60 Day,Last Price,Moving Average 50 Day,Moving Average 200 Day,Current Market Cap,Trailing 12M Profit Margin,Trailing 12M Operating Margin,Total Debt to Total Equity,Price to Book Ratio,Price Earnings Ratio (P/E),Overridable Raw Beta,1 Month Total Return - Current,3 Month Total Return - Current,6 Month Total Return - Current
,RETURN_COM_EQY,VOLATILITY_30D,VOLATILITY_60D,PX_LAST,MOV_AVG_50D,MOV_AVG_200D,CUR_MKT_CAP,TRAIL_12M_PROF_MARGIN,TRAIL_12M_OPER_MARGIN,TOT_DEBT_TO_TOT_EQY,PX_TO_BOOK_RATIO,PE_RATIO,BETA_RAW_OVERRIDABLE,CURRENT_TRR_1MO,CURRENT_TRR_3MO,CURRENT_TRR_6MO
A UN Equity,20.61871984,25.40712453,28.3392508,145.49,144.1791992,123.9143524,41181581310,18.75359816,21.28670121,49.75522919,6.109120734,27.41171465,0.967097194,-0.8518468,13.76815,26.14098
AAPL UW Equity,171.4224497,15.93944338,21.08221821,278.78,265.5939941,228.1499939,4.11935E+12,26.91506412,31.97079976,152.4107252,55.8567996,37.31994629,1.121690977,3.940481,17.30663,36.99901
ABBV UN Equity,#N/A N/A,29.14098002,27.23962734,226.08,228.1058044,204.6306458,3.9957E+11,4.003755617,15.15827242,2021.967895,#N/A N/A,26.20901689,0.242473156,3.15751,8.546165,21.01492
ABNB UW Equity,30.7755293,27.48934224,24.15574718,124.32,121.6735992,127.0525513,76525145666,22.02964079,22.64925061,27.27056586,8.908878027,29.64346289,1.255813029,2.8458,-0.2407343,-11.6041
ABT UN Equity,30.80330579,19.31734663,18.01492575,125.08,128.6324005,130.8846436,2.17498E+11,31.87966152,17.59231804,31.88868708,4.268520568,18.82996232,0.279069814,-1.012978,-4.954547,-5.514388
ACGL UW Equity,18.29788194,15.21064195,20.7753787,91.72,90.19599915,90.95510101,33260051033,20.95891112,23.92672568,13.88568684,1.471831729,8.96489316,0.329543084,2.400359,0.9020898,-3.988273
ACN UN Equity,25.81676123,31.09172583,29.50720848,266.59,247.746994,280.7973633,1.65509E+11,11.02067592,14.67665721,25.38033676,5.317180099,20.6218324,0.59978398,8.47575,5.017614,-15.07286
ADBE UW Equity,52.87478624,32.25250976,29.37480295,346.26,337.3388062,369.6132813,1.44944E+11,30.01164747,36.24520081,42.93512939,12.35592218,21.49297061,1.020565957,5.906101,-3.457312,-16.9481
ADI UW Equity,6.572763897,33.57080634,31.6742098,281.29,242.2021942,227.6746826,1.37735E+11,20.57534742,26.61138812,26.46255865,4.073095666,36.4464674,1.596676234,23.54693,13.37458,27.51077
ADM UN Equity,5.347906265,32.19125298,28.64868577,59.01,60.25460052,54.37139893,28358420062,1.428897622,1.303914146,51.43774241,1.259327725,14.75771274,0.404812785,4.469697,-4.451311,26.58526
ADP UW Equity,70.57087286,25.65580379,19.75348474,261.63,269.7161865,295.5411072,1.05816E+11,19.78769004,26.1789948,71.67259211,16.62022482,25.72291738,0.500376916,2.939094,-11.8712,-19.12033
ADSK UW Equity,40.33399891,22.9950756,20.62938089,306.74,305.0197144,292.9351807,65028880000,16.12950058,21.96573751,97.63449065,22.47800827,52.33568792,1.124468504,3.216905,-6.135444,2.981268
AEE UN Equity,11.46548572,17.49020417,15.50634172,99.86,103.802002,99.83550262,27012130000,15.75128377,20.80821612,152.9200359,2.113625209,19.20384627,0.132396143,-4.577163,0.5847829,5.499114
AEP UW Equity,12.8195165,23.88225007,19.98152944,117.54,118.6544037,109.5017776,62777471056,17.22773675,24.93437456,169.3419529,2.065638766,15.26760206,-0.034286239,-2.453187,10.13584,17.33007
AES UN Equity,31.72606569,26.33422313,45.18869034,13.92,14.10540009,12.40719986,9912723540,9.467504548,14.77592194,336.8201805,2.564740904,8.288383388,0.904367835,-1.4862,10.8222,31.16675
AFL UN Equity,15.57980493,16.57484269,16.19081569,109.28,110.3504028,106.6539001,57275168850,23.55234168,29.97005819,29.42754234,2.00256512,14.59305614,0.368907362,-3.708157,3.309539,6.529601
AIG UN Equity,7.56815754,23.09455068,24.14086931,77.03,78.41760254,80.89820099,41563543440,11.90980851,18.87151001,23.00822562,1.020863363,12.59184359,0.492820948,0.1299863,-1.632518,-10.81272
AIZ UN Equity,15.41339047,18.41018797,19.95504708,222.87,218.9541931,205.3919525,11161576986,6.731913139,9.216725092,41.13811268,1.942785865,12.43754066,0.550361676,-0.2585668,5.662333,10.81656
AJG UN Equity,9.048935004,29.82998006,27.03638273,239.71,271.069397,306.7244568,61557528000,12.28875347,19.98419009,66.27435628,2.652678629,29.4034894,0.332710258,-3.859837,-19.64428,-26.73008
AKAM UW Equity,10.64160481,52.16685827,39.66445963,83.49,80.08280182,78.57344818,12011308637,12.26322836,15.0035735,95.00339971,2.536620294,22.41669599,0.671340383,-0.2985431,5.844321,8.386342
ALB UN Equity,-2.393475367,69.65422612,65.82431282,125.19,103.2106018,77.80460358,14734555033,-0.427703701,-2.937400117,40.03726388,1.898446924,#N/A N/A,1.739696681,28.82281,53.48452,111.7613
ALGN UW Equity,9.577499439,37.99430813,33.04312333,157.21,136.5803986,160.3596191,11279816714,9.501228085,13.42281542,3.096507385,2.861788775,24.02119211,1.420981779,16.59004,14.86921,-12.96091
ALL UN Equity,37.31087123,18.76899978,22.27284731,202.27,204.4452057,201.5333557,52930359077,12.53328546,14.18484277,38.9385501,2.081899081,7.187784181,0.366350318,0.4662647,1.459339,-1.350879
ALLE UN Equity,36.41118945,19.19910388,18.09031511,159.08,169.2940063,152.1996002,13685963083,16.0916652,20.96891726,143.3131205,7.030690232,20.85231296,0.67770263,-4.941741,-7.833374,15.08576
AMAT UW Equity,35.50842298,44.44977391,45.26345777,268,230.3397064,182.5763245,2.135E+11,24.66864072,29.21954315,32.10874357,10.45800492,28.71978248,1.869728068,16.72958,65.72647,61.52851
AMCR UN Equity,7.443883098,23.27839282,19.78093874,8.3,8.227800369,9.002650261,19159387510,3.344635366,6.654789955,130.0085179,1.63478413,24.19825128,0.346601909,0.6767442,2.513906,-6.080245
AMD UW Equity,5.614094672,60.5771916,74.33078259,217.97,224.5225983,153.1047211,3.54864E+11,10.32254036,8.783214163,4.092551417,5.837393683,104.6275257,1.993103942,-6.666949,43.96011,87.5979
AME UN Equity,14.63157601,27.10727914,22.66252197,199.8,190.9945984,181.4909973,45994733825,20.50171197,26.15501649,24.07458118,4.369267248,31.31223217,0.852665219,1.946104,6.236952,12.58109
AMGN UW Equity,81.71001983,32.86477643,30.08042272,329.89,311.9955139,296.7275085,1.77639E+11,19.47402074,24.10552945,1035.885656,18.46821633,35.27879644,0.365786081,3.752671,18.56814,15.35426
AMP UN Equity,59.58915366,26.78407924,22.75310812,477.06,469.8904114,495.0266418,44321599444,19.5989406,28.70115129,65.57000765,6.882685966,14.3008642,1.164339084,3.747452,-2.785748,-7.403203
AMT UN Equity,77.38333509,22.02635996,19.71333997,178.86,184.218399,204.9557037,83732704990,28.1060193,45.57950013,455.5442702,21.19020633,28.57188508,0.015319271,0.5113817,-6.816244,-14.43065
AMZN UW Equity,24.32703226,41.47070052,34.28421205,229.53,228.3901978,214.7989044,2.45373E+12,11.06302345,11.02237716,51.69703116,6.636313234,34.33057968,1.404895438,-6.088132,-2.675542,7.472955
ANET UN Equity,31.73637541,44.68847737,46.06894823,128.59,140.7754059,112.5774002,1.61931E+11,39.73085351,42.88243271,0.596729882,13.59865319,49.38682081,2.333351526,-4.500556,-8.156559,32.22622
AON UN Equity,38.32757527,18.97949978,19.16746107,345.2,348.6202087,363.5906982,74195653478,15.96194503,24.82381959,278.2581649,9.357229201,24.83716349,0.266879064,-0.3233989,-6.500695,-6.576316
AOS UN Equity,28.20908221,22.08775028,21.06545117,68.03,67.78520203,67.98574829,9472348759,13.85081329,18.34677946,12.10512344,5.135455998,17.95558132,0.738391207,2.67129,-7.516047,6.822605
APA UW Equity,27.2407257,43.32303338,46.20237769,27.1,23.96139908,20.5048008,9611536702,15.61950109,30.69040472,100.8959447,1.615831539,5.419700909,0.987763635,13.7222,23.0727,50.06193
APD UN Equity,-2.460903142,32.04793122,27.3159177,260.69,257.9773865,278.6264038,58027049926,-3.277313019,-7.28568699,106.088831,3.862024573,42.35385369,0.728165322,0.3657551,-9.16665,-5.614359
APH UN Equity,34.77936358,34.53154274,31.97292038,139.36,132.7129974,100.6057968,1.70584E+11,18.2181409,24.31437617,73.86491614,13.65071961,46.45489752,1.674828997,0.194122,26.24675,49.7443
APO UN Equity,21.86158517,33.27919058,36.59002953,138.13,128.3105927,135.4374542,80173770008,15.5833787,24.43839594,47.32085216,3.687802927,18.8247159,1.79407683,4.779458,3.166142,4.311749
APP UW Equity,234.6813558,55.95559932,62.90557144,691.94,610.5264282,431.9083252,2.33845E+11,51.27521488,59.92356989,328.3796928,158.9262137,79.01680891,3.545801441,11.61583,26.48801,65.57945
APTV UN Equity,3.24818322,35.15341415,28.95284403,76.37,81.62480164,71.08370209,16501984618,1.463874553,6.143310838,97.83159053,1.781736123,13.1643162,1.057557903,-8.713842,-7.205347,14.60085
ARE UN Equity,-2.415984218,79.8222456,59.73522391,45.48,64.18280029,76.75520325,7860083683,-13.42464295,-0.714811438,56.93025516,0.465585713,21.03599966,0.94647235,-18.21615,-46.0024,-33.30497
ATO UN Equity,9.31903059,15.47770139,14.78943536,171.29,174.3553925,161.1116943,27696451523,25.49046251,33.17142824,68.96390486,2.041099781,22.8574851,0.120889729,-2.622086,5.126793,13.79756
AVB UN Equity,9.811273646,19.40625938,15.93441266,178.02,182.7182007,197.6788483,25206732109,38.78184919,29.67044089,69.09360551,2.127282739,35.11640951,0.627484345,0.3608069,-7.629575,-10.81589
AVGO UW Equity,27.25440516,49.05897672,45.31816964,390.24,355.5365906,275.229248,1.84286E+12,31.59229717,37.71818576,101.8292503,25.14722538,94.71899599,2.60707634,11.67902,13.09695,58.68554
AVY UN Equity,30.21129666,19.98877423,27.45038857,179.33,169.4593964,173.831543,13861383006,7.931584949,12.18244014,146.0839856,6.28955883,19.23559629,0.609411811,3.573276,7.073288,0.7983739
AWK UN Equity,10.45653298,26.77345709,23.05356059,129.5,134.7088013,140.2498932,25268501668,21.93293886,36.96252465,136.7015099,2.31672223,22.75922671,-0.236965668,-0.4011205,-6.931034,-6.409072
AXON UW Equity,10.02791567,44.02593515,47.03494698,550.95,642.8244019,676.4624634,43475721243,10.05079444,-1.083403669,31.410233,14.35557372,368.0953395,1.665700124,-8.557534,-25.60862,-30.42242
AXP UN Equity,33.51683729,22.6078082,26.59923832,370.35,350.2518005,308.8453369,2.55116E+11,13.40394959,17.11702547,168.8111287,7.871522788,24.85570511,1.204142584,0.4911265,14.10536,23.06615
AZO UN Equity,#N/A N/A,21.14557986,21.63807352,3822.66,3916.773682,3824.762451,63581015544,13.19121495,19.06229873,#N/A N/A,#N/A N/A,26.38500768,0.275604251,2.807762,-9.904121,2.780674
BA UN Equity,#N/A N/A,43.4214707,35.04927005,201.89,204.8795929,201.4306946,1.53456E+11,-12.19708508,-10.23564521,#N/A N/A,#N/A N/A,#N/A N/A,1.387680565,3.740814,-12.58281,-4.226757
BAC UN Equity,10.27197801,17.74765201,21.11956656,53.95,52.07860184,46.62004852,3.9397E+11,27.63835024,30.17601432,257.1757246,1.421564275,14.55162408,1.146113338,1.936095,9.644166,21.26994
BALL UN Equity,11.21279578,29.23548745,23.89348795,49.03,48.56119919,51.87704849,13139480470,5.356861509,9.185441941,101.989882,2.427983888,16.93276239,0.457269423,0.5104046,-3.394826,-8.016324
BAX UN Equity,-4.51267121,56.56152634,44.58871536,18.54,20.50180054,26.97610092,9530594625,-3.093531706,-0.127007167,191.4720957,1.315917708,19.16194,0.773874821,3.054969,-22.99753,-38.27621
BBY UN Equity,22.4934612,29.32028215,35.8439632,74.17,77.97319794,72.93840027,15541218590,1.542139868,2.115959354,144.6937322,5.873799768,11.69827844,1.081140635,-6.149564,-3.176086,4.326124
BDX UN Equity,6.544461778,21.56370136,20.44043412,193.96,188.1026001,191.2506561,55359782152,7.683501992,11.80456981,78.84994092,2.180252321,13.74945251,0.38261895,9.654754,1.790379,13.72191
BEN UN Equity,4.161734978,27.47064008,26.30886782,23.4,22.69140053,22.30344963,12190711572,5.984699055,6.887705656,23.69897384,1.009312278,13.44537021,0.957855077,5.263158,-4.647368,9.933432
BF/B UN Equity,20.66590126,28.88653365,27.04313998,30.4,27.93740082,30.45059967,14056275155,20.82797634,26.99922859,71.04933634,3.450576444,16.59245525,0.611191798,15.15413,11.0221,10.74304
BG UN Equity,10.21503301,21.09788698,35.945891,93.63,92.00700378,81.8207016,18104394831,2.201001514,2.581976077,65.0196365,1.148477773,12.4141082,0.285492959,-0.4144214,11.84191,27.63806
BIIB UW Equity,9.307304203,26.31861504,31.98981813,181.3,157.9048004,138.4538574,26597121914,15.98068727,21.90663527,40.18126346,1.460755757,13.8404894,0.631248311,16.58415,28.26317,36.18267
BK UN Equity,13.06264017,17.15694599,17.69239924,114.02,108.5887985,95.89185333,79511747118,26.549524,33.85152927,164.8285605,2.036517296,15.94897623,0.906859323,3.99489,10.15356,27.52819
BKNG UW Equity,#N/A N/A,33.80972075,30.65120744,5197.04,5090.10791,5199.615234,1.6752E+11,19.37094358,32.73551212,#N/A N/A,#N/A N/A,29.48803709,1.141472598,5.397564,-6.518494,-7.104529
BKR UW Equity,16.83456589,29.30857877,30.39936957,49.2,48.05099869,42.95622635,48549274994,10.43268016,11.45754394,39.26121372,2.671762998,20.40649605,0.849123999,2.778362,8.339527,31.14957
BLDR UN Equity,13.55536582,47.20301267,42.97955425,110.01,115.3211975,123.0451508,12164969716,3.794270126,6.57121775,100.857099,2.817723171,17.7877628,1.22088842,0.5392104,-25.61363,-1.451218
BLK UN Equity,12.60845735,23.45525044,23.37985548,1072.16,1102.458008,1037.323975,1.7528E+11,26.6375355,35.45116889,28.81572282,2.995695877,25.92604202,1.108228685,-0.446309,-2.493397,9.446117
BMY UN Equity,33.83761977,35.79366671,30.98200256,52.15,46.09899902,49.08324814,1.06165E+11,12.57234459,18.86372153,312.4237247,5.723232164,8.646954958,0.233832888,11.69416,13.14511,10.6381
BR UN Equity,38.2154291,18.25447231,16.24898386,232.02,228.813797,238.8309021,27083128239,13.11138512,17.61271029,130.277579,10.27541061,26.34125057,0.539257111,4.6455,-8.097785,-4.722898
BRK/B UN Equity,10.16603075,14.89945451,12.71956594,504.34,497.0773926,498.1759949,1.09055E+12,16.84267553,22.63249348,20.06552547,#N/A Field Not Applicable,#N/A Field Not Applicable,0.42361191,1.057989,2.138604,2.190343
BRO UN Equity,10.48275862,27.88925174,27.14260611,78.37,85.15840149,101.9468536,26757147312,18.23325424,28.60010951,63.07286003,2.132301867,22.99195289,0.365921565,-0.2164479,-17.63384,-28.86049
BSX UN Equity,12.66127021,21.87903947,21.35672404,97.52,99.2173996,101.4338989,1.44568E+11,14.42894057,17.89147287,51.02940508,6.179031401,39.86697245,0.823951559,-2.4995,-9.820605,-4.476442
BX UN Equity,35.16693961,24.33017462,28.86371777,152.15,152.634201,153.0245056,1.88146E+11,20.55702469,46.26830263,63.02481942,22.28416337,43.3255312,1.317902509,4.255167,-11.42006,9.958281
BXP UN Equity,-3.747213436,25.09854091,24.33270324,69.28,71.82119751,69.26119995,10978710497,-5.819612426,29.4237782,207.4079452,2.194989696,#N/A N/A,1.025167367,-4.256498,-7.728781,-4.279398
C UN Equity,6.948431108,22.44699117,24.19740507,108.88,100.1304016,86.09964752,1.94815E+11,8.727136637,11.77340692,356.1810418,1.004342328,14.57704248,1.378047056,8.026587,14.24108,40.85942
CAG UN Equity,9.65397413,24.54037193,25.16222732,17.05,17.88979912,21.10980034,8155895479,7.424129951,11.44404174,93.03570029,0.914768738,7.737984673,-0.059413815,-0.5250884,-10.62401,-20.85269
CAH UN Equity,#N/A N/A,46.08027149,37.24429762,198.83,181.421402,155.9756012,47241022201,0.68072212,1.013614442,#N/A N/A,#N/A N/A,30.48539779,0.284596009,-2.376391,32.7342,29.33398
CARR UN Equity,27.27210465,30.18009992,28.08785095,54.29,56.6108017,64.92494965,45723569010,18.05240729,11.87324327,88.29454672,3.15779867,30.04089796,1.337707772,-5.599022,-16.94699,-23.06805
CAT UN Equity,46.30133566,41.86370738,34.86454844,603.17,540.2515869,413.6596375,2.82271E+11,14.33872988,17.65087906,200.117985,13.66401612,31.65690764,1.172172111,7.115967,43.07315,71.81604
CB UN Equity,14.06127373,14.48708923,17.18047613,295,285.9371948,283.5129089,1.16098E+11,16.49194579,22.40006818,24.1834079,1.618895125,12.76908797,0.185274931,2.590858,6.688614,1.092555
CBOE UF Equity,21.51497823,18.71304352,19.08333073,252.76,247.414093,233.0148315,26449947359,43.06681271,59.6626506,37.37031498,5.414207201,27.37978551,-0.139240452,-1.229474,8.147342,14.2131
CBRE UN Equity,14.25669008,25.07066635,22.53097456,160.86,156.0298004,143.2566986,47870809497,3.122616081,4.386411026,63.74020888,5.608179769,31.74117712,0.929821496,5.378321,-1.626714,25.11472
CCI UN Equity,#N/A N/A,25.35553128,21.29171953,89.28,93.28859711,98.9627533,38879566013,-95.37381247,-60.98719537,#N/A N/A,#N/A N/A,33.75417628,0.004753873,-0.2903754,-3.819996,-7.762645
CCL UN Equity,25.74296015,49.29906778,39.82063496,25.87,27.56040001,25.6216507,33690155818,10.07282016,16.42456823,312.1392282,2.845526585,12.61230821,1.629968899,-3.217354,-18.02915,6.5486
CDNS UW Equity,21.73581334,28.76860873,30.8055594,337.53,329.3335876,311.2355347,91876003530,20.35369505,28.49968519,56.20169386,17.67185379,69.37031304,1.475515638,3.839413,-6.408056,13.6656
CDW UW Equity,43.00674985,38.1336532,34.31707014,146.25,149.9597931,165.1855011,19040822775,4.757207307,7.391703735,254.6818549,7.50339607,16.10527975,1.23779552,3.119188,-12.48539,-17.27738
CEG UW Equity,20.34918276,42.81692493,46.69028351,359.82,363.0309143,301.7481079,1.1241E+11,11.02612616,13.92858581,62.13161977,7.823264271,38.80258383,1.805795976,0.5139766,20.55152,20.70444
CF UN Equity,27.46191377,28.16106161,30.28060903,77.88,84.18399811,85.06150055,12147305275,20.47209026,31.30938242,42.75553214,2.532622498,9.244254538,0.239796808,-4.500906,-7.292419,-14.48461
CFG UN Equity,6.741137728,23.19132091,28.94774377,55.46,52.06919861,46.04835129,23819304153,21.09955423,26.73353145,55.07132844,1.010532153,15.6241942,1.17454133,7.272724,8.25122,36.47198
CHD UN Equity,18.59398577,27.9765568,24.12101452,84.52,85.83059692,95.46385193,20295793601,12.74222439,17.39618955,55.1618969,4.805406525,25.24409193,0.058528155,-2.352675,-10.32304,-14.11424
CHRW UW Equity,34.31785187,57.23587523,43.23693056,157.22,142.3112946,113.6544724,18573527125,3.635709281,4.8313686,101.1080392,10.02570744,31.19376387,0.648828771,5.627669,25.37728,65.58028
CHTR UW Equity,34.79058392,36.99280822,33.26717769,205.1,233.6748047,318.9199219,29920145312,9.294179568,23.65923157,483.8179327,1.73023872,5.136221199,0.65783598,-6.71336,-22.27528,-48.26586
CI UN Equity,14.65315852,66.62229641,50.38788698,265.44,283.3215942,303.711853,70905876599,2.292997907,3.367689134,77.52103387,1.696109969,2.661536215,0.264077361,0.8894252,-11.28545,-14.06912
CINF UW Equity,14.5292708,20.49065901,19.652751,162.3,160.5870056,150.1336517,25321804660,17.56913396,22.12286802,6.279153211,1.643437653,21.02234703,0.39407455,-1.421281,6.355267,8.705016
CL UN Equity,450.348567,20.37933272,19.40826305,78.07,78.39980316,86.37425232,62929490022,14.46556529,21.29279459,1564.705882,73.51575908,21.4870928,0.077641143,-0.8760823,-6.65983,-12.39621
CLX UN Equity,#N/A N/A,26.61468473,23.34943564,104.9,112.2633972,127.4059525,12795741757,11.68217398,15.19716438,604.9792531,#N/A N/A,15.00210108,0.207893239,-2.291355,-15.78561,-16.14829
CMCSA UW Equity,24.72778978,28.41956905,23.85866523,27.31,28.58049965,33.0006752,99514758933,18.33383342,17.98431633,122.1825558,1.028056871,4.774289301,0.40025321,-0.1462556,-18.81976,-19.7248
CME UW Equity,13.17826846,18.37691927,16.90801971,270.87,271.3536072,270.0022888,97675663763,58.83667855,64.98155443,14.42750945,3.457682589,26.02396979,0.057473152,-2.036168,3.650185,-0.2944817
CMG UN Equity,44.95764611,71.08021895,53.23826991,33.94,36.30920029,45.51544952,44878115320,13.03589426,16.38368936,124.2117593,13.96516817,29.73814713,0.923822793,10.95129,-14.40102,-35.35238
CMI UN Equity,23.84378212,33.10737804,29.29589844,510.65,449.20401,370.2459412,70488212594,7.944968881,11.74473661,67.19136894,5.841321217,26.46006385,1.0786529,8.338924,29.04164,57.8102
CMS UN Equity,12.55144033,17.21183107,16.09426069,71.09,73.62000275,72.23829651,21634092094,12.62206148,20.6992164,189.6433471,2.472552379,20.35699812,-0.018294488,-2.922309,1.310844,3.064837
CNC UN Equity,-21.9251891,62.28737293,51.43562513,38.34,36.51699829,44.42240143,18844800120,-2.846274286,-3.068488139,73.28932478,0.899408671,12.70009108,0.120365341,2.076674,32.94036,-30.49311
CNP UN Equity,9.605934168,14.35557731,14.99008944,38.43,39.2961998,37.52470016,25089727731,11.3671275,22.50384025,199.7187324,2.269676431,22.08812391,0.154571085,-1.944799,3.546503,6.165753
COF UN Equity,1.313023317,26.00788463,30.09581488,230.68,215.9962006,202.9585571,1.46651E+11,2.236906587,2.5941793,75.32574362,1.352794341,61.83569917,1.321045415,6.325441,5.224024,17.21162
COIN UW Equity,26.00453325,69.68794878,66.71778084,269.73,316.0365906,281.9821472,72731025950,41.94872334,28.62102186,44.12047008,4.523818941,25.14301221,2.776170512,-12.74827,-10.74454,7.346682
COO UW Equity,4.59365906,31.15519393,30.79374512,81.4,72.08300018,74.87960052,15952611316,9.160659743,16.68662187,30.40744742,1.964088347,24.78538914,0.768876615,16.11983,18.33115,12.53975
COP UN Equity,15.39493397,24.76695307,26.30348305,93.69,89.75659943,92.35455322,1.15774E+11,14.80564662,21.50097009,39.11969875,1.783257796,13.09629846,0.647492944,8.922094,3.475991,9.334838
COR UN Equity,144.3082661,24.77331994,25.01412743,339.66,338.8421936,298.5909119,65891813189,0.483663326,0.818030666,534.0997147,43.68172465,24.69755412,0.056696248,-5.677005,14.22248,17.96985
COST UW Equity,30.68616679,17.61371151,18.32297417,894.68,919.8438721,961.3203735,3.972E+11,2.942576344,3.772412666,29.26210396,13.59742408,49.62503846,0.593115501,-3.040943,-7.809216,-11.60277
CPAY UN Equity,29.35364557,40.19399006,33.10754168,310.64,284.0647888,317.0703125,21731770516,24.36599107,44.45321568,256.9982921,5.338479073,19.2462021,1.111825312,12.33501,-0.304882,-7.947602
CPB UW Equity,15.64449064,24.73249563,26.33683773,29.6,30.71579933,33.80690002,8812010369,5.871452258,10.96264508,184.7336066,2.260584345,9.9814939,0.138696239,-3.708521,-11.60674,-12.00904
CPRT UW Equity,18.22169948,25.43875257,22.43942522,38.72,42.48970032,49.74082565,37481644724,34.24323423,36.9706169,1.126680439,3.903818303,23.78625375,0.900292917,-4.418655,-20.57436,-22.76082
CPT UN Equity,5.799982864,22.40969945,17.47791424,103.88,103.2473984,111.514801,11052346880,17.05113243,18.14262742,73.49172321,2.482847677,83.3780113,0.527031162,2.063272,-5.425998,-8.591114
CRL UN Equity,-2.322905644,38.68628009,40.97804342,184.31,174.1636047,155.9361572,9070903460,-2.074755002,3.502121428,79.27651552,2.663618375,29.9954574,0.714248603,9.675689,13.7716,27.37388
CRM UN Equity,12.18429977,35.27979128,34.23957641,260.57,243.576004,259.4570923,2.44154E+11,17.91303916,20.54220304,19.73092704,4.640864661,33.983038,1.345296263,8.625147,3.467532,-4.762681
CRWD UW Equity,-8.881591874,33.07984211,41.72877992,512.03,514.6018066,450.6482849,1.29082E+11,-6.881696358,-8.595061562,23.76983215,32.13534225,#N/A N/A,1.962112436,-5.146249,19.61642,9.31236
CSCO UW Equity,23.01030928,27.02323904,22.25253943,77.97,72.49549866,66.35009766,3.08067E+11,18.37562396,22.73987798,63.28160024,6.550591274,28.2729466,0.898128589,9.70874,17.28569,19.44336
CSGP UW Equity,0.252065885,38.47018146,31.82301099,68.01,73.12129974,79.98002625,28824188016,0.664158351,-2.653361688,15.23002582,3.354006582,325.400481,0.881730497,0.7257191,-22.76856,-13.38512
CSX UW Equity,22.59772621,18.15093696,21.47167789,36.3,35.43379974,32.71424866,67595571503,20.5480422,31.98328967,152.41065,5.3000276,22.3476064,0.768380594,3.094093,12.3449,13.49409
CTAS UW Equity,42.00483461,16.77766057,18.63566598,186.75,189.3034058,206.3305511,75048602117,17.53753724,22.89115289,56.66542355,15.8233094,41.67567687,0.778374265,1.150951,-7.683167,-17.60121
CTRA UN Equity,11.86220813,29.38229546,29.42299246,27.39,24.80419922,25.1576004,20854131149,23.24530434,31.16791414,28.95658797,1.42179369,13.30956145,0.520321778,3.963854,15.82053,8.974485
CTSH UW Equity,14.50134587,27.63683917,27.22267048,80.72,71.25389862,74.63007355,38959223301,10.20280961,15.75969698,10.43170461,2.617155171,15.73069817,0.866233984,10.74966,13.87659,1.429076
CTVA UN Equity,6.425654576,20.49743252,32.37513597,66,64.22080231,67.176651,45078962412,9.187703933,14.31106532,13.22929671,1.771118205,23.82101324,0.635855604,3.162173,-9.282332,-7.398542
CVS UN Equity,0.634332396,28.81279383,23.91817373,75.63,78.64900208,69.68139648,96007178841,0.11901016,1.247449782,109.4942559,1.317053759,13.79692762,0.448233819,-4.253704,8.526006,21.23394
CVX UN Equity,7.379387074,19.11541748,17.73862775,150,153.4329987,150.7301483,3.02028E+11,6.828574332,8.031383203,19.33375556,1.59093693,26.13631097,0.519539451,-2.161202,-1.513176,9.390189
D UN Equity,9.545600666,20.52060932,18.1508115,58.49,60.72579956,57.73249817,49945387572,16.17023968,25.60551445,137.0429253,1.870803799,17.07802596,0.095195879,-3.933902,2.0837,7.290839
DAL UN Equity,28.52038931,44.48141579,40.05430577,67.1,59.58599854,53.48165131,43813801733,7.35855054,9.65034965,148.8981887,2.327797298,13.91023534,1.141181999,13.96059,8.983644,32.57209
DASH UW Equity,10.1148617,76.17358644,57.66648941,225,238.6139069,223.7427979,96974666775,6.830233478,5.484764543,6.862996159,10.21106635,96.53818364,1.437355149,10.12677,-10.21548,2.998399
DAY UN Equity,-5.705905879,2.741193764,3.979056824,69.07,68.71579742,61.6570015,11053614894,-7.912111129,6.987799081,48.45069316,4.101087301,153.9648105,1.19291614,1.053403,-0.3893808,14.31645
DD UN Equity,-3.273468348,35.86028011,32.92733963,40.51,36.03997421,31.55587387,16972690375,-6.174421398,5.261471931,31.84550078,0.741168652,11.07629198,1.094156451,2.295786,25.21645,43.6403
DDOG UW Equity,3.518898242,75.81225413,61.10572237,151.41,162.3609009,131.4402771,53132463341,3.324354678,-1.380487724,67.86785703,15.4334585,477.5150788,1.449997132,-20.82723,10.97186,23.94401
DE UN Equity,20.60837125,26.98239264,22.82308383,475.11,467.7015991,484.0531921,1.28436E+11,11.00409343,20.63130705,245.8415042,4.949371617,25.17224748,0.756547439,1.5648,-0.9795781,-8.015109
DECK UN Equity,43.31165476,44.0451591,53.19306614,99.7,91.48519897,107.5870514,14530759850,19.36379586,23.51127114,11.02163021,5.906324154,14.7136754,1.342444706,21.92736,-14.90996,-8.716356
DELL UN Equity,#N/A N/A,48.26755165,49.78174378,138.91,143.9868011,120.5156479,93908033380,5.005283889,6.932462292,#N/A N/A,#N/A N/A,17.99421605,2.265653217,-5.310153,13.33174,23.06521
DG UN Equity,16.44987596,50.63996632,41.40741532,132.37,103.526001,100.9414978,29137134954,3.032523361,4.491222495,235.5553706,3.559311053,22.8618299,-0.112493483,33.41059,22.49852,17.97468
DGX UN Equity,13.70583635,20.66036811,21.7394262,182.51,183.9084015,176.8032074,20302843489,8.930875576,14.11059908,100.4205336,2.791210993,20.66993122,0.147879388,1.676877,0.4351008,5.636798
DHI UN Equity,14.48472018,38.21596826,35.28868453,158.62,154.017807,141.8695526,46326642538,10.46758441,12.91747566,24.37576287,1.9309167,13.2197838,0.63442576,9.910719,-13.54175,32.12801
DHR UN Equity,6.843801895,18.54284319,30.48350553,226.25,215.3085938,203.012207,1.59812E+11,14.43464645,19.00857096,34.60343088,3.128984649,39.2468831,0.84545166,7.768885,14.10245,15.80783
DIS UN Equity,11.78163512,31.64745543,24.49640176,105.3,109.846199,109.6545486,1.87991E+11,13.1363516,14.49722002,39.63197571,1.745272147,20.13697022,0.804876813,-4.912403,-11.39347,-7.160893
DLR UN Equity,6.355242018,26.63907953,23.94028004,164.73,167.8309937,165.2976074,57606830851,23.66483685,11.67067193,77.70437931,2.537452463,131.5507834,0.74882255,-3.037261,2.895677,-5.54283
DLTR UW Equity,-52.59981263,39.31372525,37.50447102,122.44,100.2533035,94.01229858,24347584216,-15.39747586,7.868824792,196.8773571,7.092227925,9.892955256,0.690968153,15.79346,23.17908,29.56614
DOC UN Equity,-0.481853036,29.5083452,24.62152626,17.02,18.16300011,18.23464966,11828045987,-1.359252693,17.1577003,99.62070627,1.556872536,58.38604929,0.534441063,-3.929641,-5.419007,2.039117
DOV UN Equity,33.64830381,16.4283254,24.14955898,191.09,176.0764008,177.9761505,26208609383,28.37009258,16.69901827,45.48606298,3.42017849,23.13113088,1.140949277,6.264235,7.655223,7.095809
DOW UN Equity,-6.342742385,41.72480657,47.19803696,22.96,22.84860039,27.34560013,16204351910,-2.769290934,-0.93857698,99.43980729,0.930347111,#N/A N/A,1.112599003,4.517438,-2.848464,-17.23995
DPZ UW Equity,#N/A N/A,22.42689455,22.38862699,416.55,414.4088135,450.2374878,14073649108,12.15933524,19.22291059,#N/A N/A,#N/A N/A,23.17504836,0.548772929,1.552976,-10.28613,-10.34578
DRI UN Equity,50.35589225,25.04623617,28.27329952,177.72,181.5865936,199.1238556,20671281783,8.897318107,11.58406393,336.3258772,9.294845499,17.71929585,0.433358033,-0.1909448,-14.99053,-17.04406
DTE UN Equity,11.66315789,17.1586527,15.37501031,131.23,138.3011932,136.080246,27254241665,9.344218054,15.01146944,198.5731374,2.241671391,18.55571093,0.112591032,-4.036566,-1.827012,-0.3652761
DUK UN Equity,10.00314245,14.46281316,14.91336289,116.52,124.1513977,120.5131531,90613085820,15.75855207,27.22448593,167.7110972,1.795491243,17.71840907,-0.110044607,-4.956108,-2.195821,2.88422
DVA UN Equity,#N/A N/A,30.41336015,26.25136476,117.39,123.8876038,136.6546021,8287734000,5.796043164,15.37702645,576.9876028,#N/A N/A,12.09009634,0.508575855,-5.093381,-12.72768,-14.87309
DVN UN Equity,18.354879,25.53984449,31.29136072,37.47,34.38679886,33.63380051,23504931000,15.5638237,23.41156268,62.94885745,1.531265913,8.856755568,0.570861409,11.18694,9.348883,17.66567
DXCM UW Equity,30.63484304,61.21384266,52.44150595,65.49,64.06079865,75.05059814,25542165653,15.9591665,17.22137337,123.3615524,9.369098407,37.58082423,1.107949046,19.07272,-16.03846,-24.43752
EA UW Equity,13.20107399,3.578883915,31.80369074,203.92,200.927597,164.7176208,51001641826,12.14324918,17.05543359,33.68305669,8.462679924,54.10236899,0.330650372,1.750075,21.45107,36.61518
EBAY UW Equity,43.04172009,57.80820803,45.1273748,82.47,87.56659698,79.82044983,37276440000,20.36587642,20.71121897,152.4428073,7.93417685,18.79606311,0.388487324,-1.242389,-11.03109,5.614743
ECL UN Equity,21.72903847,25.55539175,22.29459229,259.69,268.1032104,263.6355896,73553466728,12.48930172,16.41494236,94.23724571,7.567055118,39.3069663,0.600077848,1.389918,-5.455149,-2.277871
ED UN Equity,8.835149568,20.06325712,17.9949554,96.6,99.59619904,102.4352493,34866379733,12.26494696,17.62897782,126.7143247,1.442924506,16.42221733,-0.241737736,-1.118567,0.7946016,-3.339431
EFX UN Equity,13.37598375,25.31534322,28.56874426,211.51,221.3910065,243.5594482,25887562766,11.08138576,18.4914105,105.0390276,5.250810029,34.96804576,1.210251477,2.131365,-16.18987,-20.81269
EG UN Equity,3.542704568,41.2576784,33.39308778,309.97,331.5751953,340.6536865,13011938638,3.111963017,4.143646409,26.75843182,0.844676317,23.84028854,0.342811546,-4.348815,-8.13452,-9.368838
EIX UN Equity,19.98780818,19.69906097,23.44495599,58.09,56.67139816,55.16915131,22352280083,17.61388766,21.15214507,212.8579481,1.441152814,5.996244131,0.358767231,1.840812,10.66664,11.51724
EL UN Equity,-20.72654335,36.6829261,40.57263239,105.13,93.53520203,79.85935211,37884672031,-6.43776824,-3.426554063,245.0194049,9.738904935,83.3063231,1.282514571,20.25202,18.76325,54.72968
ELV UN Equity,12.61398869,32.69443872,28.43972092,330.75,333.9201965,358.7403564,73505470862,2.840057489,4.351195976,77.34997345,1.670840872,10.82266239,0.255204822,4.619555,8.486929,-14.6323
EME UN Equity,37.10099976,64.80989399,53.5206302,623.62,656.1495972,538.0095825,27916888108,6.958989911,9.408347555,11.6657944,8.369691165,25.09265072,1.613060921,-3.96095,0.3645141,27.68083
EMR UN Equity,10.94040746,27.94051559,27.32688625,137.39,131.6298065,125.6436996,77185702000,12.72828199,17.5964474,67.78500345,3.812399746,29.33521842,1.318850814,6.56241,3.961181,12.16918
EOG UN Equity,18.4767537,16.75870642,19.60340404,112.17,108.427803,116.000351,60863268922,24.427953,31.07164944,19.73356955,2.009683603,10.40165274,0.548968917,6.413048,-3.742346,0.1135211
EPAM UN Equity,10.20899116,28.74793233,32.85232982,203.6,166.4279938,169.303894,11247397025,7.014588346,9.574830134,4.495929803,3.016850064,27.63108085,1.141943013,16.14375,23.80663,14.23442
EQIX UW Equity,7.720309966,26.07919841,21.83101783,741.58,793.835022,816.4312134,72812831723,11.82380216,16.88010598,139.912928,5.143287217,54.01022661,0.664387575,-9.533073,-2.532172,-17.91239
EQR UN Equity,10.55204168,22.87201173,18.95979124,61.06,61.38119888,66.2460022,23231786464,37.58294961,27.91043472,73.3210944,2.099440773,48.17581361,0.627673294,2.260932,-7.029087,-8.968983
EQT UN Equity,8.188968404,35.19232823,34.93413752,60.68,56.47819901,53.76070023,37868385560,22.39993428,37.92917389,38.20189903,1.635660936,22.60339912,0.817939574,4.67483,19.89524,8.25517
ERIE UW Equity,30.44441725,34.81464098,30.39258333,296.46,304.3272095,353.652771,15501854267,16.03791774,17.98815689,0,5.931003849,23.91533293,0.35121896,4.079482,-11.45284,-19.57492
ES UN Equity,8.648016582,43.88948871,35.47884325,66.74,71.19539642,65.09835052,25040123537,10.21851406,19.97153143,190.0062883,1.56186391,13.64931921,0.185343,-8.625415,7.353263,3.042089
ESS UN Equity,15.30111832,20.90349402,16.88326251,255.37,259.2452087,275.1111145,16446855098,45.4597495,33.16233377,115.9478332,2.920605909,95.87886273,0.733130421,-1.939182,-2.96865,-6.782745
ETN UN Equity,20.69020021,32.53330016,30.34364741,337.66,364.0871887,336.2506104,1.31147E+11,14.74486539,18.95768408,53.87728671,6.959992858,31.7737542,1.441766415,-9.661017,-3.118689,2.449297
ETR UN Equity,11.41481638,19.13618009,18.79112125,94.22,95.46920013,87.59580231,42078360295,14.29659293,26.12861524,189.5308767,2.525453933,22.81595723,0.233413547,-2.398757,9.246399,16.23156
EVRG UW Equity,8.363607723,15.9325701,15.16446055,73.28,76.73120117,70.80547333,16835782703,14.45022794,25.78927672,141.4247387,1.639506401,20.0196423,0.153410128,-2.167681,4.495478,14.39945
EW UN Equity,13.85173109,26.68651151,22.77754874,86.19,80.72699738,76.72019958,50016057000,23.24858085,24.23093919,6.956245218,4.904510967,33.83793926,0.71299384,3.35772,7.455434,11.18422
EXC UW Equity,10.31150087,19.04084208,17.6836225,43.81,46.24269867,44.67480087,44227756038,11.60504997,20.82082494,175.8849968,1.573937374,15.6638103,-0.104554357,-4.359478,2.732412,4.624305
EXE UW Equity,6.118992166,32.94191244,33.19344765,122.86,110.4098969,106.7384262,29261528973,7.988574588,12.34681655,33.16253914,1.612072603,12.25502548,0.520056375,9.790036,30.61669,6.828253
EXPD UN Equity,36.46681585,37.4039877,31.66338264,151.47,130.214798,119.4399033,20300150419,7.570927384,9.874316783,25.56119552,8.901876991,24.709625,0.571008715,10.7956,25.09562,35.51654
EXPE UW Equity,104.4001504,63.28248461,51.16407503,263.43,233.6548004,193.8564758,32278621356,9.65901183,11.60055672,235.5841372,24.24206134,21.02844469,1.254436717,2.175841,21.4867,49.737
EXR UN Equity,6.870442751,25.7911103,22.27763707,129.56,138.5149994,143.9125977,27498796465,28.39913931,42.54531233,87.67443044,2.019352073,28.51467034,0.613349951,-2.718122,-10.88269,-11.60309
F UN Equity,10.26312059,27.03176531,37.96145806,13.03,12.67440033,11.14760017,51918016315,2.482224613,1.908876089,358.6027019,1.095501672,9.833717147,0.972573377,-1.362606,12.72845,30.16956
FANG UW Equity,10.94135944,26.01091336,26.73393758,158.6,145.8948059,143.3900452,45442962380,27.15154653,35.93244467,32.5497968,1.16400348,11.50060615,0.722747538,11.17195,16.33049,14.423
FAST UW Equity,32.74469761,18.41782722,24.42114074,41.5,42.68560028,42.76432419,47643482422,15.3372929,20.21006565,13.42255897,12.23350651,38.99886621,0.74623094,1.591191,-13.42744,-0.3417265
FCX UN Equity,11.36532995,36.97891787,55.85253286,45.2,41.05599976,40.52330017,64904065832,7.968617799,26.72871318,33.83834874,3.471340706,31.85579808,1.571719878,13.53931,-2.780641,9.731865
FDS UN Equity,29.13191016,36.06197694,39.83302632,290.63,278.0968018,383.2414551,10875356000,25.71510776,32.2301559,71.28154653,5.004095467,18.1832279,0.464081864,11.1131,-22.26168,-32.31346
FDX UN Equity,15.00354887,25.21961218,25.08070554,274.29,252.7593994,234.7454071,64720223398,4.65284284,6.008511023,133.2763411,2.330496756,14.9214998,0.900451038,4.654894,21.90667,26.49873
FE UN Equity,10.54509415,14.9770483,14.91661991,44.91,46.35680008,42.72240067,25918736923,9.192065796,19.64890455,176.8658892,2.027110485,16.65807978,0.019285659,-2.156866,4.699599,12.69353
FFIV UW Equity,20.60232598,35.58314274,38.62821111,248.12,275.6643066,287.0610657,14413195026,22.42110935,24.80346961,7.28817018,3.984565084,20.01834465,0.818373432,0.9684991,-22.61485,-16.01394
FICO UN Equity,#N/A N/A,37.6808586,52.91376623,1798.53,1694.973022,1711.036377,42641432301,32.74680554,46.45458842,#N/A N/A,#N/A N/A,71.77483572,1.302870214,3.363795,16.92433,1.319929
FIS UN Equity,0.999079795,30.07627861,25.02427965,66.66,65.66439819,72.55735016,34519931928,1.452599388,16.30351682,73.50955414,2.496323104,20.17472768,0.368026968,2.902138,-2.752678,-17.03495
FISV UW Equity,13.64427296,30.5854692,#N/A N/A,66.28,#N/A N/A,#N/A N/A,35648823070,17.0463138,29.27693762,92.50162537,1.416836883,9.582933988,0.666268528,#N/A N/A,#N/A N/A,#N/A N/A
FITB UW Equity,11.88790949,20.03000088,26.29811758,45.42,42.88249969,41.13622665,30023154548,27.26656116,34.61451504,99.75566302,1.552537264,12.78517836,1.020789371,5.948214,0.7426039,17.3308
FOX UW Equity,17.33094873,30.51764389,27.69450426,60.89,56.43399811,52.12599945,28596468619,12.35279835,17.76739104,60.42088223,#N/A Field Not Applicable,#N/A Field Not Applicable,0.506837284,2.370544,7.18183,22.9177
FOXA UW Equity,17.33094873,28.41517766,27.14375719,68.4,62.85200119,57.04169846,28596468619,12.35279835,17.76739104,60.42088223,2.491873542,13.70076793,0.473240506,3.683493,9.475036,26.39099
FRT UN Equity,11.28260095,18.71916699,16.15753769,97.2,97.93499756,96.7078476,8385447013,27.65283719,36.08198193,133.197408,2.744922134,32.01635764,0.549447905,-0.1438251,-3.388373,3.142611
FSLR UW Equity,16.86393368,56.32978345,48.83476572,257.61,246.381897,183.6644745,27643650203,27.72848905,29.81244895,9.010279688,3.066295516,18.70091774,1.031775711,-3.747582,26.77032,54.86022
FTNT UW Equity,228.0428432,31.44651049,27.31372175,86.92,83.57350159,93.1588974,64637893026,28.58406945,31.01896349,71.85700897,87.84228899,36.53548367,1.308064223,6.272157,8.163262,-17.17172
FTV UN Equity,7.061458016,19.56640006,19.30067287,53.75,50.60419846,51.66481781,17071625435,10.67832069,16.35522303,38.02522657,2.624732853,22.98960699,1.002164742,5.036704,12.28933,-2.073674
GD UN Equity,17.78218407,16.68070548,17.49805389,337.31,341.063385,301.7296448,91114326291,8.183035974,10.341882,48.38870507,3.728997529,21.86066089,0.559472054,-2.607264,4.991844,23.17488
GDDY UN Equity,369.4537347,25.4528063,25.46436342,128.46,131.1481934,159.5442963,17360292377,17.01301902,21.88796254,562.7365988,189.5792628,20.79179857,0.814987344,-2.703925,-13.23787,-29.78409
GE UN Equity,42.78511914,24.92230397,24.53998692,283.94,300.4536133,253.2646484,2.99504E+11,18.34315488,18.80730814,104.1607033,15.92089435,45.13952849,1.372607479,-7.592667,2.9843,11.3718
GEHC UW Equity,24.20535227,31.8867969,29.48861122,85.46,75.78859711,74.70850372,38928875252,10.94537193,13.51871975,107.9056865,3.895532263,16.70462295,1.27121585,16.98836,9.388782,19.43149
GEN UW Equity,25.02744237,25.099893,21.09186924,27.09,26.81019974,28.00772476,16706839339,12.74312542,37.44690364,363.9929484,6.802820551,23.93705866,0.847469202,5.624924,-8.995173,-6.825759
GEV UN Equity,18.7778941,51.49672902,45.57395709,631.32,590.963623,504.1651001,1.7129E+11,4.523373417,3.663295373,6.844142358,19.81147747,92.416226,1.472396209,9.769965,5.22395,30.28139
GILD UW Equity,40.53581247,25.28999434,24.17720518,121.22,120.6340027,112.9500504,1.50395E+11,27.88283023,36.06202297,141.9619661,6.98956553,16.64957362,0.319964708,2.002697,5.342545,9.325791
GIS UN Equity,31.08794497,20.68033699,21.57287243,45.93,47.88259888,52.53495026,24499816262,15.24065567,21.92054709,166.0663106,2.583339066,11.5400735,-0.100092581,-2.026452,-7.226972,-14.09514
GL UN Equity,22.27697458,15.71374803,18.25936978,131.37,134.5803986,129.5316467,10457813946,19.36300344,26.26850412,51.63776595,1.854472904,9.202068817,0.643751995,-0.6579025,-6.22796,8.398553
GLW UN Equity,12.06767083,42.14465932,36.5845409,85.97,84.77899933,61.84434891,73707273244,9.158565203,13.40931948,73.08943089,6.021477201,50.60973707,1.195724275,0.916402,19.56111,70.82171
GM UN Equity,6.984247209,24.57262508,37.89181289,76.05,66.27159882,54.70064926,70944102093,1.624563182,4.309227199,199.2559841,1.090871721,6.473779793,0.964684944,7.703187,30.92784,60.93565
GNRC UN Equity,12.38307626,54.84851164,51.56539612,162.33,166.0135956,150.8313446,9526184434,6.921237815,11.4078435,55.76547693,3.603359314,24.65811258,1.096807214,4.533459,-11.76279,26.85996
GOOG UW Equity,35.45035136,34.31264284,29.74389784,322.09,275.2731934,206.4916534,3.88154E+12,32.23305152,32.18791264,7.90441855,#N/A Field Not Applicable,#N/A Field Not Applicable,1.016648074,15.23059,37.64092,84.6389
GOOGL UW Equity,35.45035136,35.04326395,30.43796014,321.27,274.6889954,205.3683472,3.88154E+12,32.23305152,32.18791264,7.90441855,10.0292288,36.88058551,1.035756623,15.29606,37.36113,85.48605
GPC UN Equity,17.05135967,19.20727791,18.34449865,130.24,130.6873932,127.3307037,18117751520,3.360219417,4.938955107,139.8488138,3.785073918,18.32168189,0.59044953,3.639666,-6.135146,5.563368
GPN UN Equity,7.694705223,35.73322171,33.63932557,78.85,80.74739838,83.74859619,18667242007,19.67815986,28.21963844,74.59788421,0.86512353,11.49476204,1.102510811,3.709062,-9.539056,3.220901
GRMN UN Equity,19.6946622,40.63960758,32.67393227,203.59,223.2601929,216.8860016,39157443154,22.62583817,25.60812683,2.074143029,4.619762266,25.12050927,0.92583807,1.20799,-14.67595,-1.054927
GS UN Equity,14.58498315,25.73340751,24.63652657,854.56,790.1522217,679.5925293,2.66179E+11,13.18307631,16.80822459,656.2264337,2.347616157,17.25390566,1.377346387,9.208869,15.75832,40.61275
GWW UN Equity,48.98074745,18.59077913,18.14999168,975.54,953.6054077,1001.130371,46386280217,9.746478873,14.05070423,85.95733189,13.04693221,27.22739511,0.815728167,2.389519,-1.998311,-10.43135
HAL UN Equity,12.7713547,26.60525078,40.4973688,28.45,25.70400047,23.0434494,23944277055,5.913177034,11.04937435,83.16268487,2.350617528,12.6285048,0.896440506,3.832117,31.49524,40.6039
HAS UW Equity,-65.93056212,19.55064409,23.41315617,81.1,77.1269989,70.98847198,11381332565,-12.81386275,-5.200826257,297.4683544,28.0024228,20.42114867,0.93816473,6.885705,3.128004,24.48927
HBAN UW Equity,11.17972912,23.32344297,26.6610278,16.9,16.06340027,15.96382523,26458983053,27.96375535,34.30656934,85.69912041,1.263703604,11.90685012,1.048887196,7.711919,-3.838999,6.165581
HCA UN Equity,#N/A N/A,27.60396791,22.95646721,486.7,458.0252075,387.961853,1.11062E+11,8.53009197,15.64163933,8180,#N/A N/A,18.38947263,0.3872598,2.117041,16.61723,27.10856
HD UN Equity,162.9091722,30.09439838,23.05800888,354.61,374.1473999,375.4238892,3.53018E+11,8.774347279,12.95873975,942.1987952,29.12156945,24.17245981,0.832087921,-3.820293,-15.00393,-2.287701
HIG UN Equity,20.34629544,17.7853321,17.88651614,129.43,130.352005,126.1606522,36065707294,12.74903254,16.55797621,27.42749438,1.999065653,10.3474633,0.441397982,0.4583178,-0.4875127,0.916719
HII UN Equity,12.38706868,32.76837644,28.82320172,304.58,300.4367981,251.3643036,11952155968,4.736929737,4.953379953,74.13201886,2.398085102,24.67816709,0.80653108,-1.175788,13.32897,35.74345
HLT UN Equity,#N/A N/A,24.25609644,23.22440357,272.25,267.1180115,255.8368073,63280473944,14.18832552,21.98551342,#N/A N/A,#N/A N/A,38.49456488,0.916661471,-0.3370533,-1.944282,7.806964
HOLX UW Equity,11.1182071,3.221872901,23.20168367,74.97,72.12719727,65.28897858,16711204943,13.79865379,17.42269047,52.03748093,3.305458379,20.75786019,-0.002654105,1.174093,12.66907,16.53971
HON UW Equity,35.85468585,16.83163308,22.79187278,191.33,195.6109467,202.3182373,1.21473E+11,15.07007622,18.64519302,168.1801576,7.238435119,18.09165022,0.748860382,-0.8224351,-4.871266,-10.23958
HOOD UW Equity,27.81616482,85.34474186,74.16154241,131.95,133.1652069,90.49355316,1.18845E+11,52.18839201,47.5737393,95.25840442,13.84140161,55.75775271,3.026043272,1.219697,12.50852,76.21528
HPE UN Equity,-0.238364577,38.23235455,41.64129271,23.33,23.33639908,20.06895065,30772270000,0.16620014,-1.274201073,90.3490345,1.246446448,18.55628442,1.740483286,-0.5117306,-0.2120728,30.43412
HPQ UN Equity,#N/A N/A,40.05151638,38.73226509,25.91,26.10619926,26.59160042,24218124959,4.57365042,5.740121168,#N/A N/A,#N/A N/A,9.16647675,1.199511923,-1.407918,-10.82009,5.160825
HRL UN Equity,6.011564981,34.90338246,26.5752966,24.34,23.21839905,27.63260078,13389611560,3.950030398,5.935837623,36.09766019,1.691165269,17.80420217,0.115641919,10.4857,-3.391797,-18.868
HSIC UW Equity,11.39277389,38.32697398,31.03216964,73.62,68.11060333,69.21230316,8666900291,3.022105426,4.985314577,59.33429812,2.597134893,16.82188086,0.337224974,2.392213,8.680256,4.618445
HST UW Equity,11.03716444,32.00630399,26.62831216,17.26,16.93379974,15.9524498,11869520442,12.4263344,13.80703822,83.26693227,1.811509707,16.72989672,0.908838803,-3.251121,0.4187612,12.24747
HSY UN Equity,31.01308354,27.67509512,26.18481057,182.3,182.6177979,175.4723053,36967727741,11.83585826,16.84869,115.5451492,8.098760727,25.02661608,-0.044286692,7.669686,-2.044871,14.44153
HUBB UN Equity,25.08301553,31.02049261,27.40846188,440.53,434.6679993,402.115509,23411857599,15.23688931,20.47061306,52.38370853,6.354315849,26.76671687,1.302511341,-4.4223,1.227602,12.15686
HUM UN Equity,7.154931139,43.36565226,47.44146904,257.85,262.6149902,258.6140442,31012410584,1.021667906,2.349598772,73.72453633,1.674355432,13.54668176,0.609054493,2.305195,-16.63604,12.56687
HWM UN Equity,30.34815436,22.05317977,25.9869414,190.98,198.0066071,170.1448517,76785850797,18.18181818,25.10344828,76.21870883,15.12675674,54.73947179,1.289979265,-7.587345,6.49886,9.03675
IBKR UW Equity,19.8248838,42.11901811,39.22791146,64.5,67.71440125,56.96224976,1.09646E+11,9.06305594,44.58390986,103.3439778,5.625516863,31.34982504,1.453875879,-8.447386,5.680272,22.10588
IBM UN Equity,30.21030313,25.1197715,29.86057304,307.94,296.4888,267.4403992,2.87842E+11,12.09137335,15.57138925,213.1863318,10.31508194,28.34059725,0.661467343,1.055405,20.90029,15.95215
ICE UN Equity,11.3177157,22.71494965,20.6651215,157.82,155.6549988,170.054245,89985584285,32.43076923,48.91282051,74.81962482,3.173590428,28.66555288,0.576925267,5.919468,-8.987303,-11.18888
IDXX UW Equity,64.6333715,51.50278188,39.47951177,714.1,673.4592285,559.3664551,57021834753,24.65379585,31.34108923,56.04824884,36.59223433,56.62965706,0.902405976,0.7975105,9.385285,36.04237
IEX UN Equity,12.21153723,23.52738912,21.01836762,177.54,167.8159943,173.7297516,13288768867,13.97422033,19.90471458,52.35233652,3.319414543,25.64320232,1.00255791,5.703731,8.62044,-2.340386
IFF UN Equity,-2.839812517,30.96204507,26.49301348,67.18,64.18299866,71.29370117,17204554741,-3.721098266,-3.179190751,69.16109554,1.209060746,28.25061903,0.62014427,8.354839,2.192554,-11.58925
INCY UW Equity,30.3891612,35.89401098,29.42232785,102.52,95.45539856,76.57752228,20127003512,24.69472409,30.76003952,1.750101809,4.323050972,19.21290373,0.430227867,-3.264773,18.43808,49.07663
INTC UW Equity,0.1923189,63.3945277,71.5802371,41.41,37.62580109,26.17359924,1.97526E+11,0.370515915,-4.457418739,48.05297433,1.855306265,#N/A N/A,1.703125211,8.602147,69.1585,106.4307
INTU UW Equity,21.98729243,27.41531087,23.71716657,673.63,660.2810059,676.0673828,1.87454E+11,21.19075799,26.68656409,33.68340944,9.709761879,46.22689469,0.689877005,3.819069,0.4769371,-12.41065
INVH UN Equity,5.993208788,22.77130638,18.13563822,27.14,28.28720093,31.44599915,16637378785,21.6959606,25.59611361,83.98466624,1.728389279,37.67403683,0.380593369,-3.106036,-8.92911,-16.68026
IP UN Equity,-9.858937794,56.38821161,42.6268887,39.06,42.13499832,47.30279922,20625176662,-5.449510013,-2.569237324,99.46164199,1.190724417,#N/A N/A,0.864635282,3.789176,-16.59212,-15.65756
IQV UN Equity,19.54749752,20.2839403,28.80752887,225.85,213.3943939,180.5041046,38462255000,8.067152918,13.71353119,233.3278391,6.243872734,28.54046891,0.82657308,7.312553,20.33782,48.27337
IR UN Equity,5.346712375,25.55125518,25.38213325,79.86,78.65599823,80.21154785,31553516145,7.308636016,15.19381092,48.60082184,3.117070897,32.22627665,1.296675834,3.072214,-0.6208399,-3.872863
IRM UN Equity,#N/A N/A,37.16166355,32.38228264,84.31,97.81479645,94.87145233,24921149986,2.398443097,16.64521287,#N/A N/A,#N/A N/A,75.48166233,1.070597687,-19.02613,-8.067703,-16.2249
ISRG UW Equity,16.8972411,24.19022264,37.36095012,575.34,515.9417725,508.7003784,2.03956E+11,28.57781939,29.29775281,0.883263963,12.0609447,81.22030443,1.177880895,2.73929,22.41277,3.277807
IT UN Equity,109.2598601,37.77857592,37.37576576,229.77,240.5502014,341.5507507,16561165607,13.7107191,15.62399571,213.3661083,30.10182662,16.38768805,0.815526647,-0.3469675,-6.696171,-45.623
ITW UN Equity,91.71086528,15.55640712,18.13586484,249.7,248.8856049,251.3793945,72437970000,19.05181641,26.20411761,243.5333132,22.58041431,24.38787812,0.71324765,1.714934,-5.789071,2.102897
IVZ UN Equity,6.153732977,31.92082237,29.96669142,26.24,23.58399963,18.80170059,11679237696,16.69135566,18.86558035,48.16195241,1.062238988,18.79704618,1.237670606,13.2832,20.33766,85.78741
J UN Equity,6.976103608,42.03992902,35.84474451,140.22,150.6820068,136.1889801,16651007496,2.40517223,7.179131993,58.06920629,4.586230248,31.20110252,0.935843034,-8.351381,-2.906654,10.32758
JBHT UW Equity,15.12574345,27.36671738,50.42801314,188.41,161.0195007,148.0211029,17940088570,4.752889454,6.852539394,53.76767497,5.022609728,31.46351406,0.953566165,10.20706,32.10358,35.14796
JBL UN Equity,40.43076923,38.98908442,42.61302054,220.06,208.7388,188.273056,23510624380,2.20455003,3.966176767,245.9459459,15.63268043,26.1720138,1.615354159,3.012409,5.248281,24.69121
JCI UN Equity,22.67700258,30.44474953,25.64216936,114.23,113.1424026,100.4431534,69810025871,13.9472792,9.6711307,86.38258453,5.400280546,36.29568683,1.108393093,-6.560325,6.977775,10.85705
JKHY UW Equity,23.45049071,23.84583846,21.92825094,181.71,159.2722931,169.6450195,13151648656,19.86498804,24.86534976,2.402207213,6.065310974,27.78852199,0.054225605,13.3833,12.17643,0.6225945
JNJ UN Equity,33.61863017,15.25391189,14.17124303,201.93,193.4922028,170.2740936,4.86509E+11,27.25911296,25.64216649,52.92208701,6.128926911,23.01657616,0.120145984,8.913629,14.07408,32.03697
JPM UN Equity,17.05689596,19.79283753,19.04540476,315.04,306.8782043,279.4577026,8.57622E+11,32.34253164,40.58143877,272.8264464,2.521177941,15.68208108,1.134691956,0.26416,8.077036,19.69507
K UN Equity,32.52260283,2.403172342,11.69908648,83.14,82.96900177,81.45265198,28927118775,10.0789266,14.617206,163.3693972,6.883825788,22.28907797,0.003745153,0.4565553,5.494567,2.773108
KDP UW Equity,6.291133955,35.84096807,30.11465277,28.69,26.98500061,31.41987419,38977749856,9.781130209,17.0458761,71.55055067,1.539132783,15.93585252,0.203479884,10.51618,4.772976,-11.04224
KEY UN Equity,5.833385492,23.12124384,27.08429685,19.26,17.92079926,17.11179924,21049631284,16.9665404,19.61805556,81.17847711,1.217785569,24.41275069,1.284258921,7.721196,1.702311,20.55462
KEYS UN Equity,15.40702968,42.08993398,36.25503247,210.49,177.8462067,163.5751038,36035888000,15.73953488,16.29767442,47.2690148,6.13168095,44.40904795,1.737956154,16.37641,24.33694,29.97222
KHC UW Equity,-9.726213549,22.30509595,21.25880621,24.34,25.11800003,27.31785011,28810176793,-17.3501828,-23.02098236,41.45970603,0.6952608,8.919240257,0.060843925,1.818996,-8.097943,-6.190798
KIM UN Equity,5.690631055,18.76215528,17.33629935,20.13,21.01600075,21.17844963,13678307362,28.24304764,32.78635477,79.0940613,1.372388286,26.69569973,0.714024116,-0.7302898,-9.458264,-1.791481
KKR UN Equity,8.867357532,29.04728889,35.71171997,129.42,121.9993973,126.4661026,1.15359E+11,9.185879133,24.00727128,152.41181,4.245682317,53.27103075,1.854296038,6.849646,-6.532564,5.185892
KLAC UW Equity,99.16766776,35.82046524,42.17215479,1214.46,1144.897339,897.2954712,1.59571E+11,33.82884671,39.86150303,129.7462543,32.03984782,34.90315617,1.990507366,1.93782,33.83082,50.88016
KMB UW Equity,146.9402985,52.39781363,37.94626671,102.96,112.7764969,#N/A N/A,34168143026,10.88988441,13.99258891,778.5573123,24.9615951,16.74947305,0.760835065,0.3562858,-19.69487,-21.20481
KMI UN Equity,8.893468093,17.30970255,19.56390254,27.77,27.11240005,27.29425049,61781596030,16.61184211,27.21734893,100.8660997,2.009805073,22.69124582,0.486948249,4.595109,6.047786,0.8321978
KO UN Equity,45.11728555,17.4432803,17.18765447,70,69.33679962,69.94985199,3.01113E+11,27.3398653,30.69466882,173.4225694,9.637405191,23.65232435,0.124708963,-0.07629395,5.352502,0.2793738
KR UN Equity,7.914138121,26.91050563,24.67342317,62.71,66.38480377,68.09790039,41556550675,0.535914417,1.056885719,302.8861249,5.719536783,13.69013086,-0.037296343,-2.882432,-7.295564,-4.224326
KVUE UN Equity,13.46931103,41.86930282,52.89014834,16.93,16.06979942,20.51255035,32434530738,9.549513528,15.74037052,90.18411254,3.049964869,18.59281119,0.041737292,1.544647,-6.995468,-20.36555
L UN Equity,8.146091054,13.70956,14.40153521,102.82,102.3669968,93.25015259,21248736679,7.949195226,12.6519216,52.12688855,1.16327057,12.42047696,0.374694298,0.2820623,7.143686,15.48783
LDOS UN Equity,29.50750814,23.39334414,23.3271573,186.82,190.7201996,164.4685516,23885903233,8.106392799,11.86822063,121.3901345,4.865698168,17.23199075,0.700099499,-5.157878,4.943083,26.72751
LEN UN Equity,10.70003625,41.17104613,36.19262995,123.91,124.2735977,118.6214981,31404332841,7.720587802,10.03751832,15.88566524,1.400050882,12.66029497,0.738756887,1.941588,-12.61822,15.17241
LH UN Equity,10.14045094,31.93176588,25.71479034,258.39,269.686615,257.1966858,21420531000,6.212723297,9.688128846,90.16054051,2.465978822,20.23630992,0.380127485,2.518002,-6.538904,2.280245
LHX UN Equity,9.130547625,24.42998958,24.82318001,278.5,289.6152039,254.9109497,52094217890,8.091076357,10.51517939,66.58154145,2.66874567,26.48461985,0.473153905,-3.783923,2.107283,14.99312
LII UN Equity,92.25371416,29.3486228,34.67031921,511.63,503.4259949,557.418396,17944287455,15.74093129,19.77063963,175.0882145,16.76914603,21.39658767,1.022774025,3.943359,-11.64138,-6.934085
LIN UW Equity,18.23651159,16.71984858,15.83844763,399.57,435.3424072,456.8994446,1.86579E+11,21.17060649,26.7669532,56.73875608,4.831644587,24.73745175,0.42276292,-4.631311,-15.50579,-14.89321
LKQ UW Equity,10.90084454,33.28548125,27.36708403,29.45,30.18700027,35.61597443,7538198877,4.992479049,8.194255426,93.45159151,1.151668477,10.22928561,0.443767676,-2.017789,-8.748243,-23.15155
LLY UN Equity,96.82094375,30.635025,33.13384872,1010.31,911.5325928,811.9354248,9.55131E+11,30.98647252,38.83621284,243.7764511,40.16225653,42.47368522,0.652333892,9.457052,36.97987,31.70265
LMT UN Equity,62.77557731,21.79828147,19.74918347,452.2,479.5101929,464.1536865,1.04638E+11,5.726049435,8.310951751,337.4388126,16.82672752,22.06431588,0.214583568,-0.5667674,-0.7313623,-4.694736
LNT UW Equity,11.46059545,15.46574486,14.81145315,65.5,67.60820007,64.07129669,16837016630,19.13450292,24.58479532,148.8863507,2.304231098,20.07397028,0.109990339,-2.732398,3.040549,9.974683
LOW UN Equity,#N/A N/A,27.08814988,22.19183803,248.47,239.3654022,235.5467987,1.3938E+11,8.047000178,12.19393508,#N/A N/A,#N/A N/A,20.34801195,0.779171915,6.566305,-8.54357,11.42408
LRCX UW Equity,62.26138909,50.44202299,49.28747242,158.7,149.5037994,104.3154984,1.99332E+11,29.65749221,33.00290407,48.23300312,19.60522804,35.22456872,2.094931255,-0.2458163,51.59452,84.91898
LULU UW Equity,42.42228579,37.63957373,34.86981964,190.01,173.2272034,235.492569,22532154010,16.37696354,22.88389363,36.44250398,5.151381708,12.91706285,0.976944897,14.37428,13.0339,-28.37109
LUV UN Equity,4.167812174,41.14466044,37.8946486,37.85,32.75540161,31.78084946,19574319778,1.37558072,1.143292683,78.06763285,2.517273533,38.99850443,0.94256462,16.64098,19.36298,14.33869
LVS UN Equity,62.27736642,27.359409,43.44814721,66.25,59.14179993,48.68664932,44793909764,12.68754077,22.02380952,441.4556962,28.59166136,24.6908611,0.839463381,1.594849,23.75864,66.18314
LW UN Equity,16.21949538,29.72139464,32.11463597,59.7,61.25799942,55.62355042,8319343056,4.555099512,9.440099125,244.8178627,4.647627748,21.5421124,0.445970202,-4.357574,4.321409,8.575279
LYB UN Equity,-9.936253342,46.796622,40.93067165,43.35,46.14599991,56.9096489,13953192989,-3.710187659,-3.043705274,102.6612647,1.316298344,15.91073781,0.916099402,3.647948,-18.37938,-19.24281
LYV UN Equity,77.71250924,46.19810912,35.75891717,139.33,145.6450043,144.8482513,32706497666,3.627738528,4.678753254,425.2178204,62.16780756,39.25860378,1.041439203,-0.8397927,-17.75088,-3.343734
MA UN Equity,185.7403545,18.94918602,18.67188006,545.52,557.0161743,559.7388306,4.89875E+11,45.27546546,56.95176971,291.4198005,62.11639899,33.92856887,0.772279563,-1.168533,-6.87787,-7.308839
MAA UN Equity,9.456994226,19.26177927,15.42781472,131.67,132.9476013,148.0146484,15416152969,25.23298064,28.32642432,81.446351,2.669520214,35.68218175,0.461931832,1.558044,-7.928653,-10.23431
MAR UW Equity,#N/A N/A,29.04805678,26.26348045,292.59,277.6459045,263.7203369,78517051699,10.07135969,15.87656702,#N/A N/A,#N/A N/A,31.78864461,1.095494318,0.7295772,9.407882,10.69286
MAS UN Equity,#N/A N/A,25.70583832,24.09373519,63.2,65.48739624,67.11360168,13126363247,10.885876,16.99355009,#N/A N/A,#N/A N/A,19.60867683,0.946185613,1.951926,-16.20574,0.9656938
MCD UN Equity,#N/A N/A,21.3550074,17.28412453,311.23,303.9205933,305.888855,2.21644E+11,32.0426423,46.08794974,#N/A N/A,#N/A N/A,25.95348478,0.261883935,4.497417,0.1077286,2.45062
MCHP UW Equity,-3.745162434,53.49174601,48.15283149,65.81,60.41329956,60.30157471,35566806146,-4.394169595,1.224954895,81.67497846,5.312041062,#N/A N/A,1.94314255,17.97132,1.675733,2.423283
MCK UN Equity,#N/A N/A,25.14967186,27.02496593,808.62,812.8164063,723.2473755,99805257723,1.0418658,1.358326401,#N/A N/A,#N/A N/A,21.05951743,0.25471353,-4.999619,16.12869,13.6716
MCO UN Equity,57.08471127,19.85777137,23.79694192,496.5,482.9114075,482.015686,88575600000,29.9160112,41.8877483,207.8347196,22.3839346,36.15827932,1.071079274,1.945375,-2.000857,1.928309
MDLZ UW Equity,13.07027447,22.51227676,21.14412955,54.905,58.99980164,63.98427582,70847133003,9.379731704,11.17545491,69.25587952,2.706320453,19.43869377,0.062266748,-3.978667,-10.64829,-15.75184
MDT UN Equity,9.809875755,23.07024155,19.30446668,101.36,96.58580017,90.78230286,1.29945E+11,13.70907417,17.87502158,61.39340186,2.670790187,22.86287611,0.444454966,9.934928,9.82236,17.757
MET UN Equity,13.70829325,22.73888181,22.79331685,78.66,78.76599884,78.63195038,51828417661,5.339468416,8.315725089,73.16897087,1.995952588,7.778506942,0.913709026,3.296129,-0.4751407,-0.1349772
META UW Equity,32.64295375,46.19344113,36.03241639,673.42,675.366272,671.4662476,1.69774E+12,30.89249803,43.22669524,27.2502286,8.748012413,23.56345426,1.312569543,8.317376,-10.42375,-3.342959
MGM UN Equity,2.358934326,34.58477533,34.19853574,36.07,33.02019882,33.69369888,9865377291,0.403276166,5.604121957,849.7533035,3.669209636,23.63906593,1.34832553,10.44091,-0.359119,13.21406
MHK UN Equity,5.203551415,30.9769567,33.54919337,110.69,117.3710022,114.9431992,6843006560,3.927072648,5.065746526,35.86788233,0.821981759,12.50335373,0.987150363,1.840096,-20.63526,9.032709
MKC UN Equity,13.92480961,21.342574,23.89792422,63.3,66.04799652,72.17784882,16983789845,11.46157133,15.702942,85.84486909,2.952195417,22.01713832,0.172127511,-2.675279,-9.147682,-13.61487
MLM UN Equity,12.18789674,16.74455847,18.23732217,624.37,619.0925903,564.7230225,37653970875,17.34417344,23.42667871,63.71615905,3.86789631,34.8687175,0.753661298,2.386402,-0.2994284,13.5555
MMC UN Equity,28.61897992,18.45224442,24.66189431,181.82,188.2579956,211.6109924,89075378563,15.60125506,23.2336597,161.5219801,5.879511861,21.14647174,0.292854469,0.9830626,-10.233,-20.25171
MMM UN Equity,73.37648328,20.38614542,25.60683709,167.48,163.0966034,152.259552,88969571039,13.6998993,19.81067472,349.5634309,19.22419377,21.40858684,0.975924657,2.044145,9.22699,16.14945
MNST UW Equity,25.53802859,27.05239167,24.47512916,73.74,69.98509979,62.91202545,72045544468,21.65368434,28.31158983,7.294521157,9.301777716,39.23010145,0.289637823,5.750745,17.01047,16.2908
MO UN Equity,#N/A N/A,28.57444723,24.57382709,57.99,61.36660004,60.57519913,97346163300,43.97996628,55.19190717,#N/A N/A,#N/A N/A,10.83274086,-0.046261036,-0.06892487,-10.38879,1.21483
MOH UN Equity,19.70762192,44.83569662,55.49652145,151.86,166.0980072,236.9736481,7805604000,1.982042649,2.96969697,71.70818505,1.847974238,8.904889762,-0.063573014,-0.131525,-13.49473,-48.84802
MOS UN Equity,9.997844591,33.37569936,38.51106354,23.61,28.32360077,31.00435066,7493999976,10.33410119,8.597178552,38.31179454,0.586351578,11.59041536,0.942130301,-6.85876,-26.8707,-31.07352
MPC UN Equity,15.92185727,33.11744627,29.1822422,190.53,191.6548004,167.2938538,57273790324,2.163407423,4.694511564,117.3508529,3.333112265,25.83532927,1.020068417,-1.164081,5.692626,20.25695
MPWR UW Equity,64.0293991,45.33247115,49.11898009,963.275,964.0494995,766.6399536,46147615425,71.22044639,26.0058272,0.502039725,12.93340121,76.08720915,2.150202569,0.5233459,11.63773,40.73548
MRK UN Equity,39.50929924,33.04693936,33.18690919,99.72,90.31279755,84.82510376,2.47507E+11,29.63182066,33.72460497,82.52824981,4.783769072,12.29261619,0.522103677,15.57719,19.77281,28.81426
MRNA UW Equity,-29.31740133,79.95699842,65.28903986,27.7,25.85659981,27.65494919,10821822482,-139.6057348,-155.1523297,6.852582332,1.160846763,#N/A N/A,1.1958471,12.87693,11.5586,0.8740047
MS UN Equity,16.03532036,23.13246801,23.87516831,176.51,162.4642029,139.9512482,2.80529E+11,13.84687808,18.05965678,470.3171833,2.802494564,18.11187234,1.441059769,8.715197,19.35364,35.66441
MSCI UN Equity,#N/A N/A,33.38896043,28.0509663,538.26,560.434021,560.6142578,40444608262,40.0319103,54.17029953,#N/A N/A,#N/A N/A,34.45093588,0.771141346,-7.3562,-6.022773,-4.734228
MSFT UW Equity,32.24098378,23.23253631,19.23647076,483.16,507.7865906,469.792511,3.59103E+12,35.70718691,46.26666031,32.66109427,9.892726226,34.20404199,1.027886981,-2.56451,-2.834404,3.081725
MSI UN Equity,115.8499863,24.64852531,22.84231883,374.39,414.9285889,428.1075439,62356525701,18.70579915,25.26520509,381.0936591,26.82029026,29.63127115,0.641150286,-4.186817,-21.55948,-9.973651
MTB UN Equity,9.936382914,20.01065362,21.78745554,195.11,187.0720062,185.6699524,29986608281,28.88541667,37.53125,49.40917077,1.144833682,12.09946382,0.816568886,5.804669,-1.290755,7.598013
MTCH UW Equity,#N/A N/A,26.7302105,28.28100942,34.52,33.03680038,32.65532684,8149142924,16.20160104,23.38282459,#N/A N/A,#N/A N/A,16.13084134,0.517531408,5.01978,-10.46916,9.653844
MTD UN Equity,#N/A N/A,21.99534557,27.34799291,1414.86,1383.123779,1242.532227,28903389693,21.20175829,27.96992535,#N/A N/A,#N/A N/A,35.07780892,1.107086583,-1.701462,7.622558,19.46401
MU UW Equity,17.19908153,70.76804759,63.51499488,237.22,214.0711975,133.7304535,2.66955E+11,22.84498903,26.13837016,28.34302594,4.913889807,30.67784579,2.613010566,-0.2942153,80.5608,118.8586
NCLH UN Equity,39.87053289,59.61471298,45.28373944,18.92,21.14760017,21.04859924,8613471692,6.845747015,16.39369091,976.2937593,3.927516985,9.992600657,1.628742856,-0.7865738,-22.86996,-3.271981
NDAQ UW Equity,14.07231002,17.80968759,21.58158634,90.22,88.05680084,85.46074677,51515207965,31.9567355,43.61848574,88.59821429,4.297859274,32.60574595,0.724952509,3.725355,-4.463569,6.338431
NDSN UW Equity,15.59436981,16.12243667,16.82030568,238.93,233.0650024,215.1968994,13424593376,16.34162959,24.29135141,79.13366519,4.522368624,27.47573322,1.110129281,2.716991,6.040491,12.06244
NEE UN Equity,12.47601504,21.13158857,21.73451094,83.13,83.17420197,74.19204712,1.73127E+11,24.72431364,29.03262606,135.9162682,3.19595032,21.61569801,0.375543333,-0.2810322,19.95719,16.89552
NEM UN Equity,22.83834885,46.10499867,50.40776977,89.76,86.83159637,65.41970062,97951765175,33.42324327,45.82151328,30.0873493,2.952738287,15.477605,0.786498232,7.936089,18.82232,72.47595
NFLX UW Equity,42.86116518,34.55127544,36.18181757,100.24,113.1581421,113.4197388,4.24749E+11,24.04697715,29.1449044,72.72586851,16.36544308,41.77803462,1.167989027,-9.174933,-19.47042,-19.25734
NI UN Equity,10.25699757,17.29723677,18.87411677,42,43.13219833,40.88439941,20042212218,14.15498412,27.44701364,131.1136732,2.197770977,22.06469895,0.305043661,-3.559126,5.093887,8.345583
NKE UN Equity,21.12213629,29.27061633,30.67389631,65.86,66.11620331,67.88960266,97354341767,6.233850129,7.364341085,83.38757284,7.222692375,33.77435929,0.897111727,8.48412,-10.62313,6.098371
NOC UN Equity,26.15174388,19.09033803,19.74477391,548.97,585.3734131,536.4268799,78349035181,9.819683346,10.57711102,120.3139307,4.902900596,22.61982801,0.174635254,-3.04521,-5.259564,13.08628
NOW UN Equity,16.8131708,25.23787414,25.41030934,854.36,882.5170288,914.2371216,1.77264E+11,13.66542986,13.85489856,23.70694141,15.69191895,96.58571868,1.453608216,-0.8713623,-9.045813,-17.06933
NRG UN Equity,86.14420063,40.78085299,39.10981609,163,167.1242065,143.2347565,31237223504,4.83898049,8.401893952,443.54318,23.74061708,29.9031322,1.698337825,-5.507246,10.59221,5.066028
NSC UN Equity,20.47984512,13.3684655,14.07027182,294.19,288.5920105,261.7065125,66012298855,24.21913328,37.20359771,122.172515,4.359837488,23.43156146,0.782211134,3.496922,7.256139,18.45079
NTAP UW Equity,125.3461129,29.5235968,29.19294132,117.27,114.9925995,105.41465,23226537010,17.73391593,21.36507458,335.6730769,23.5491474,20.06334602,1.48161704,3.806316,-2.794706,11.39263
NTRS UW Equity,12.98748286,19.39961711,23.47912624,133.21,129.0529938,117.0219498,25192324724,21.78873897,29.02851229,125.8836133,1.94446742,14.93829353,1.075554129,3.116346,5.163627,24.96744
NUE UN Equity,7.991686706,31.13495935,32.31280655,159.45,145.1748047,133.364502,36491513178,5.184581125,7.772166986,33.88896671,1.756483356,18.34668117,1.219896889,10.4913,11.1634,32.25079
NVDA UW Equity,107.3594667,42.57473903,38.11736855,182.41,187.0975952,154.7373962,4.43256E+12,53.00680766,58.84408631,12.94641169,37.28836841,46.15404171,2.304739618,-3.045473,8.389433,28.73483
NVR UN Equity,34.80046759,20.27641864,21.65308424,7538.08,7525.763672,7507.791504,21403865571,13.70793364,17.93731811,24.23913415,5.436596841,16.54430147,0.371342275,3.955735,-11.76308,5.923537
NWS UW Equity,13.8349944,31.63841387,29.18000953,29.59,30.12319946,31.86002541,15296668396,13.8,9.847058824,31.3132389,1.916904513,33.86253818,0.85280928,-2.310996,-12.61773,-6.80139
NWSA UW Equity,13.8349944,29.73797928,28.61364075,26.04,26.53300095,27.89617538,15296668396,13.8,9.847058824,31.3132389,1.686927848,29.79995001,0.815155343,-2.544904,-12.72375,-6.039155
NXPI UW Equity,21.19171251,43.00843746,39.90054001,227.95,211.1938934,210.4403076,57369195664,17.11083437,24.72395185,116.7663414,5.721442805,23.42213196,1.594484618,11.4343,1.548425,10.77874
O UN Equity,2.488151394,16.67010371,13.94656727,58.48,58.37080002,57.53404999,53796089137,17.17534249,35.65096093,68.5172466,1.377580533,39.68455902,0.148046522,3.312066,0.3211188,7.37103
ODFL UW Equity,25.05948617,36.90629882,33.82064624,155.15,138.4187012,153.9973297,32441622811,18.96666895,24.94768537,3.964742868,7.6216019,31.12530446,1.078680225,11.10637,2.864009,-2.868049
OKE UN Equity,17.13713816,23.29296698,21.56319188,76.34,70.19259644,79.8601532,48035537061,10.57850716,18.30249652,144.9283875,2.177520586,13.61070534,0.815132869,12.06693,8.664558,-3.874009
OMC UN Equity,31.13980805,30.25355201,30.03535324,73.44,75.55419922,75.80515289,23305389820,8.307345646,13.11646841,139.0751512,3.072142284,9.149868644,0.758060302,-1.130851,-6.967317,4.741472
ON UW Equity,3.870341733,48.72716739,52.27124409,54.74,49.95240021,48.17750168,22026194273,5.156921685,4.730275704,41.3341653,2.806567159,20.90463594,1.778154573,14.447,11.98854,9.109036
ORCL UN Equity,71.15241636,46.93027279,49.40607511,217.58,254.6228027,211.8736572,6.20275E+11,21.08000949,30.43817141,519.5860556,25.59181855,48.5078782,1.491116285,-9.06127,-8.610217,25.50859
ORLY UW Equity,#N/A N/A,21.13051587,19.52564694,98.89,99.87120056,95.93791962,83473453658,14.22473981,19.30137519,#N/A N/A,#N/A N/A,34.25750556,0.20676314,1.853953,-7.058272,7.667016
OTIS UN Equity,#N/A N/A,16.91931862,16.04212803,86.45,90.15679932,93.7983017,33690935319,9.412997904,14.50034941,#N/A N/A,#N/A N/A,21.55762968,0.515761698,-4.571501,-0.5848533,-9.143995
OXY UN Equity,5.117639484,22.69326978,30.59479231,42.43,42.48939896,43.78174973,41802478715,7.883162287,13.41678884,78.99941995,1.494279573,17.82284117,0.479206899,2.711205,-6.0161,0.8063054
PANW UW Equity,15.32846715,33.23607124,29.63405002,198.84,206.3209076,192.0532227,1.38591E+11,11.6902278,13.2409723,5.334594346,15.87966272,119.0376392,1.366694855,-6.33347,0.7396856,-0.3807664
PAYC UN Equity,28.55655799,44.37179652,36.14514193,165.72,184.2846069,217.6116486,9324899509,22.64641215,27.90825505,5.292213973,5.361130261,20.17316901,0.901286445,2.442385,-25.94279,-37.38277
PAYX UW Equity,41.26582278,25.33896543,21.25477196,112.06,118.6973038,138.9289246,40329737665,27.85507146,38.02561624,122.2093023,10.1572541,22.28983339,0.470551205,0.08931625,-16.45797,-28.65347
PCAR UW Equity,14.15064077,29.43829473,27.97090956,110.33,99.22699738,97.33094788,57945796928,9.11196519,11.3956284,91.21032279,2.991714268,21.5909984,0.872460747,12.16917,12.6715,18.78737
PCG UN Equity,9.078678385,21.90460028,25.39489863,15.16,16.05780029,15.73305035,33320276563,10.93207334,18.3547371,191.9114503,1.096062853,10.86447842,0.315826079,-8.176865,4.293493,-2.734234
PEG UN Equity,12.57854036,20.31509226,19.61381746,79.57,82.19419861,82.15370178,39717681870,17.76753712,24.86772487,142.0814199,2.334377673,19.02810997,0.300103921,-4.489254,0.008343907,0.7864079
PEP UW Equity,37.19265724,16.60098689,19.57156213,145.02,146.509201,142.3678284,1.98292E+11,7.819977048,11.03328064,262.7868582,10.23996213,18.48304501,0.101839092,2.443167,3.339565,13.71646
PFE UN Equity,10.61987066,25.81488427,29.48688536,26.03,25.12299919,24.55665016,1.47999E+11,15.6534204,21.85235327,75.70087122,1.594881347,9.691950389,0.364218212,6.549326,7.894753,15.40736
PFG UW Equity,13.740618,22.52751946,22.72200548,87.52,82.62460327,80.24469757,19227605139,9.958356539,13.49425346,37.13139768,1.654419482,10.860932,0.913873924,6.594887,10.80733,15.85281
PG UN Equity,31.81488957,16.90634962,15.99111737,143.45,149.1970062,158.5843506,3.35204E+11,19.73791106,24.14844642,67.82824902,6.395097213,20.95497681,0.148103631,-2.401686,-9.16034,-11.335
PGR UN Equity,34.22608351,20.486439,23.00168487,222.89,226.1869965,254.2926941,1.30702E+11,12.57949144,16.18924834,27.70114493,3.684963737,12.59938141,0.467786623,2.586641,-9.334987,-20.13936
PH UN Equity,27.30077356,26.55628061,24.98460333,880,793.1300049,704.2530518,1.11044E+11,18.17483046,20.65400888,70.0752319,8.054583727,34.60119314,1.234809257,4.264166,16.00893,31.69166
PHM UN Equity,21.56890561,29.87786827,29.59682566,126.99,123.4423981,113.9356003,24752494210,14.92569539,19.3196413,14.25187371,1.929862965,9.484858983,0.751623741,6.03707,-10.05608,27.18962
PKG UN Equity,19.70703507,28.23131569,24.85062722,198.48,203.8336029,199.5668488,17858648258,10.18377072,14.14418933,62.93142598,3.756324175,19.81825633,0.670699811,-1.032165,-7.538858,2.329358
PLD UN Equity,6.064631122,13.46280118,21.1202358,127.98,122.7261963,112.3561478,1.2152E+11,36.7049509,39.78130846,53.72962038,2.260734649,47.15698558,0.88671088,1.894908,13.69635,19.82208
PLTR UW Equity,19.7566149,61.05239294,51.60628556,181.76,179.2297058,142.0711823,4.33028E+11,28.11396751,21.80771184,4.695718265,65.73006084,433.3262475,2.233884083,2.152533,16.43817,42.3113
PM UN Equity,#N/A N/A,26.14495769,25.64781446,147.81,154.6721954,164.0603485,2.30087E+11,21.57431486,36.95239048,#N/A N/A,#N/A N/A,21.34427453,-0.112051567,-3.637787,-8.291772,-17.27262
PNC UN Equity,12.07475871,18.63610434,21.2809618,197.86,187.9212036,183.7881927,77592471115,28.88249613,35.68046028,116.6590171,1.458375372,12.63401052,0.935939638,7.415854,-2.030302,12.74653
PNR UN Equity,17.96681866,19.41391344,18.40938183,104.25,107.6753998,100.4318008,17059665990,15.84391047,20.5309563,49.5972382,4.509121193,22.70159177,1.134051176,-2.896796,-5.594942,5.207209
PNW UN Equity,8.622686012,12.99189232,14.81474829,88.17,90.01719666,90.85399628,10553102480,11.19805622,19.42948986,161.1137797,1.472239579,18.10472242,0.134226468,0.2273468,1.396838,0.9608893
PODD UW Equity,19.67868276,48.58406187,38.33755727,304.49,320.1335144,300.6434021,21419926972,9.762480669,17.32423966,117.3654672,15.47432297,73.59274688,0.67916271,-4.793326,-12.89335,-2.335054
POOL UW Equity,29.30707912,28.92493577,25.45677537,239.52,271.7518005,302.6808167,8921996408,7.783605655,11.12149263,99.87891304,6.477249862,21.42937319,0.691984587,-4.481952,-27.84754,-18.66239
PPG UN Equity,12.77906082,28.63034692,24.23524167,101.03,99.86579895,107.6840515,22671132000,6.347992352,13.84321224,91.85578857,2.906555349,12.68825459,0.898927867,5.743115,-8.744061,-9.008763
PPL UN Equity,7.661813717,17.69534874,16.44722013,33.86,36.6692009,35.59189987,25047568533,12.16171066,22.60830827,119.3862329,1.737389451,19.33286245,0.151860062,-7.43576,-4.297885,1.038541
PRU UN Equity,8.264277716,17.42038888,20.57706481,111.68,104.4886017,105.3198471,39088000000,4.499681545,10.0993235,97.00925959,1.217649465,7.856347606,0.862963364,6.453001,6.905612,8.530549
PSA UN Equity,33.12410868,21.48614072,19.70029443,272.06,285.3963928,291.3476868,47736467589,39.5315424,46.23020268,95.30635486,9.620160912,28.26496651,0.429898866,-2.154285,-6.722255,-8.32646
PSKY UW Equity,-1.899905703,61.75029525,53.14331502,13.365,16.45840073,#N/A N/A,14743827810,-0.946844432,4.88042608,92.65284233,1.222388151,12.38139684,2.138224521,-11.49007,-11.77771,#N/A N/A
PSX UN Equity,5.391901364,26.52964492,25.43868572,139.36,135.0968018,124.3985977,56151089374,1.140557623,1.557372701,75.24505498,2.086082759,36.15246102,1.093970984,1.909246,7.966972,24.21443
PTC UW Equity,21.05017067,33.98077613,26.29875325,173.52,190.2689972,181.3224182,20809551018,27.05260537,35.86359797,35.8020129,5.420973818,27.93004809,1.046402275,-1.47067,-18.43181,1.866859
PWR UN Equity,13.16464503,32.21203066,34.93597212,460.64,438.1682129,362.2097473,68688742188,3.744038828,5.808146328,61.10682036,8.181197245,64.34917285,1.514052411,3.512282,22.69313,27.54207
PYPL UW Equity,24.35846626,36.98624322,39.08283042,62.28,66.70410156,68.85820007,58272403633,14.96257075,18.24295539,52.12812852,2.901548611,11.92447122,1.193967019,-5.730814,-8.7353,-14.98699
Q UN Equity,#N/A N/A,54.87968187,#N/A N/A,82.04,#N/A N/A,#N/A N/A,17184360436,#N/A N/A,#N/A N/A,#N/A N/A,1.883630454,#N/A N/A,2.433911439,-11.05979,#N/A N/A,#N/A N/A
QCOM UW Equity,23.34035383,47.49830311,40.74474857,174.81,169.6717987,157.5350952,1.87222E+11,12.51270239,27.9000971,73.76685844,8.853434753,17.2810545,1.597678351,2.81605,9.649488,18.38746
RCL UN Equity,47.47622104,48.36365447,38.64590637,257.66,285.7237854,277.1601868,70267224366,23.32970121,26.38068475,269.166128,6.949290156,17.69763946,1.54955851,0.6445037,-26.37898,-6.472479
REG UW Equity,6.066689542,17.73327776,15.05867022,68.7,70.79949951,71.5271225,12952608896,27.03641451,37.49075149,67.43991246,1.899818079,30.93339007,0.325019795,-1.53361,-5.076011,-2.709108
REGN UW Equity,15.1881852,45.83947477,40.59613085,718.36,646.3024292,598.9885254,75499250959,32.13127641,25.88610171,10.01171918,2.443432881,19.0795426,0.725469803,9.381728,28.79051,46.04446
RF UN Equity,12.00876552,20.86149619,25.8005898,26.28,24.96139908,23.7071991,23044314315,29.05660377,36.28032345,39.1959799,1.343169131,11.54508698,1.086912987,6.860921,-1.793867,21.6174
RJF UN Equity,17.73669748,22.99243975,23.11110018,163.13,161.5222015,154.7395477,32083418690,13.41754651,17.0563097,54.06269994,2.601618878,15.56179528,1.08208055,0.01226428,-1.29598,11.85737
RL UN Equity,34.00537367,32.78001885,29.79686231,368.42,331.6144104,282.5479126,22341231220,11.28444245,14.05436821,103.07514,8.660481301,25.10668148,1.154899838,13.47173,19.58239,34.90455
RMD UN Equity,25.41299313,21.6562026,19.55800868,256.55,259.7694092,252.7711029,37447652726,27.35009701,33.18353178,14.27334325,6.116559725,26.3759945,0.769015839,2.254781,-7.979475,2.181795
ROK UN Equity,24.32885906,27.06632993,23.14826513,404.29,366.1791992,321.7358093,45391080402,10.41716615,17.05825941,98.27539747,12.43628817,33.61092128,0.979969331,8.650171,17.73508,25.59682
ROL UN Equity,36.20846894,28.54631216,24.63176707,61.4,58.28039932,56.30419922,29756209180,14.01891582,19.47199499,61.06510406,19.42245958,55.99196189,0.440785531,5.086766,7.809125,6.91594
ROP UW Equity,8.155124999,18.72568483,21.82609083,447.56,470.7312012,534.2147827,48174208171,20.33674395,28.12848077,41.46791325,2.406501327,32.43058196,0.525947094,0.1140834,-14.35367,-21.6308
ROST UW Equity,37.42522112,27.05194275,24.2928224,177.87,161.0511932,144.3841705,57847995933,9.469878081,11.91367204,103.1444521,9.831394862,28.45041828,0.655236255,10.42339,17.6706,24.38733
RSG UN Equity,18.24258219,19.88107405,17.03969055,216.53,216.8813934,234.1613464,67029806091,12.76814932,20.02181554,113.5881476,5.654477266,32.31334781,0.259339317,5.321272,-4.818294,-13.95506
RTX UN Equity,10.49447575,19.85299989,25.8064226,171.1,170.8672028,148.8652496,2.29406E+11,7.666185979,10.25143043,69.82149198,3.555911701,27.27230513,0.639453608,-2.929477,11.39003,24.04298
RVTY UN Equity,3.10482751,34.46964262,32.53262797,100.79,94.5802002,95.63524628,11427128841,8.441202303,12.92529556,43.3788921,1.558194937,40.69702217,0.882656095,11.02666,16.90487,9.754525
SBAC UW Equity,#N/A N/A,21.39468563,18.22821367,189.58,193.7949982,215.2902985,20199155046,30.72399952,51.1318789,#N/A N/A,#N/A N/A,20.53325616,0.088612931,-3.411855,-0.3579894,-15.09079
SBUX UW Equity,#N/A N/A,32.30293556,29.40980711,85.12,84.09380341,89.28704834,96789952000,4.992416175,7.897128904,#N/A N/A,#N/A N/A,31.12905456,1.153337144,0.2015722,1.868227,-3.703942
SCHW UN Equity,19.32113584,19.08462847,19.85335574,93.82,93.78959656,88.80210114,1.71487E+11,30.31742525,38.9748122,122.5405685,4.055282905,21.88388982,0.981785472,-1.209192,0.6831105,6.91224
SHW UN Equity,59.9389377,26.14132341,21.23504353,333.11,338.050415,346.6178589,82575808115,11.04933922,16.03567685,294.0684242,18.66042198,31.95799605,0.740840383,-1.839667,-11.014,-6.393069
SJM UN Equity,-17.43772502,26.61457151,26.51058161,100.11,104.9339981,108.5884476,10681169076,-13.60848949,-8.309396799,128.4269885,1.762524906,13.24488424,0.168505361,-5.549234,-9.383465,-7.897511
SLB UN Equity,15.46260552,29.14154043,29.80822435,38.46,35.40779877,35.75114822,57456303002,10.34101226,13.54403087,57.34228188,2.241437044,12.45305789,0.847953824,5.70624,8.306061,15.34531
SMCI UW Equity,12.78714183,67.9451278,65.25690305,34.69,44.76229858,43.23500061,20708928604,3.765866942,4.398753863,75.49588051,3.173852048,26.67698061,3.357207824,-12.75151,-13.36164,-16.51023
SNA UN Equity,17.9617496,14.92703038,18.82888044,347.21,339.6297913,328.2330627,18057543866,19.82836142,25.80443367,23.89329887,3.102892777,18.20996723,0.77897673,1.752095,6.964805,9.440327
SNDK UW Equity,-16.18077835,137.7451774,121.7383577,228.47,184.6560059,81.96839905,33483004806,-22.36503856,-19.17737789,22.43923611,3.580118343,326.6661823,2.312647626,-4.597459,224.0939,483.576
SNPS UW Equity,11.31035063,38.7426089,49.48865971,466.76,438.598114,488.235199,86700050609,31.04173478,17.16058791,7.585518939,3.134773913,52.72783866,1.614867785,18.63865,-23.36639,-3.958846
SO UN Equity,13.05710102,15.06685721,15.03008978,86.28,93.23320007,91.72724915,94924704153,15.42266187,25.68483675,180.7193107,2.713967163,20.83316703,-0.044714819,-4.8722,-4.233335,-0.6592779
SOLS UW Equity,#N/A N/A,60.69795214,59.24195864,47.13,#N/A N/A,#N/A N/A,7480825001,#N/A N/A,#N/A N/A,13.82778127,2.317341855,#N/A N/A,0.56240612,-0.7580556,#N/A N/A,#N/A N/A
SOLV UN Equity,37.24627048,31.88101743,26.02004444,85.43,74.83679962,73.38594818,14817624795,18.12879419,26.09213189,276.5461304,2.964177708,19.57564195,0.579045265,19.44911,14.51743,14.15019
SPG UN Equity,90.04700374,18.12082332,17.27583563,182.56,180.9721985,169.8726044,59600374154,36.49833679,50.69591529,688.5708713,25.81130726,25.57723883,0.81714212,-0.5664535,1.204044,15.46357
SPGI UN Equity,12.56461825,23.40515059,24.50416029,498.52,488.938385,509.4724426,1.54541E+11,28.08898954,40.71804436,32.1051509,4.564964376,34.42761017,0.746092191,0.6180974,-8.496826,-3.659007
SRE UN Equity,7.033985925,16.96130692,19.74616175,90.66,91.90080261,80.23120117,59172106694,15.76106776,22.50747575,97.80353551,1.89893594,24.26486214,0.603884233,-3.265042,14.99197,19.84523
STE UN Equity,10.12320613,26.90709363,21.87959352,263.28,249.6212006,237.8341064,25840144530,12.07371993,17.06691503,33.29233525,3.684943341,33.50695132,0.413970882,0.05892483,6.284394,8.826069
STLD UW Equity,12.46752439,28.97652383,33.05209658,165.22,153.1560059,134.9627991,24127879404,6.389997296,7.957381229,37.39795418,2.684550212,21.95340691,1.296339792,8.740292,23.24401,24.63323
STT UN Equity,11.70824928,19.99035103,24.422051,123.61,116.3975983,104.1110992,34525810214,21.77660896,27.56227628,145.9962094,1.448529867,12.65542731,1.003954179,4.479759,11.53228,27.16548
STX UW Equity,#N/A N/A,83.88452575,71.19538664,278.79,248.3441925,157.7072754,59537866323,17.92215945,22.81858129,#N/A N/A,#N/A N/A,34.10942919,2.031048381,-0.2004645,47.77021,121.3859
STZ UN Equity,15.90897262,24.43166225,23.05222333,142.37,135.5720062,162.6858063,24920516412,12.70469659,23.17643392,169.7805124,3.32204253,11.99808185,0.415923509,11.53153,-1.781832,-16.04117
SW UN Equity,4.11011594,50.34184445,41.77457428,36.04,38.47919846,43.08855057,18819595225,2.402209519,5.5591239,87.15131995,1.020944188,13.28953181,1.084609414,1.906688,-21.84025,-14.90986
SWK UN Equity,4.918005214,37.03711218,36.57831738,72.47,69.34559631,70.86464691,11224513341,2.891938047,4.130209741,75.62930768,1.250045265,12.61693141,1.302921728,7.400725,-6.500289,12.14245
SWKS UW Equity,7.88999322,42.56018327,42.24172995,69.32,71.75520325,70.43609619,10306481448,11.67388485,12.23421175,20.89767418,1.790464636,17.68930057,1.607671112,0.7613495,-7.29902,-1.148779
SYF UN Equity,22.86462596,23.92968056,27.10149271,80.36,73.61979675,65.31809998,28943349435,15.47686047,20.09610806,93.25693607,1.829979021,8.772925831,1.386207765,9.796417,7.378449,36.82877
SYK UN Equity,14.03634282,22.81850071,19.9561389,364.02,368.3381958,377.115509,1.3921E+11,12.07087486,15.03629876,68.43074537,6.38977479,31.05010897,0.654400621,2.24419,-7.189552,-4.758704
SYY UN Equity,84.8853533,20.97240207,19.33637049,73.1,77.04759979,76.10749817,35004743194,2.211251295,3.756933016,780.5061928,16.92406051,16.19644504,0.150882312,-2.766696,-9.772529,-0.5431822
T UN Equity,20.80925941,16.77041625,20.65346594,25.28,25.77179909,27.28565025,1.79221E+11,17.87034062,19.03920308,120.1547099,1.623365197,13.30643308,0.132825432,1.812327,-11.58764,-8.091574
TAP UN Equity,-17.66003109,29.42325264,26.08683766,45.13,45.80619812,51.77074814,8931952832,-18.63830926,-20.27019797,47.23438418,0.864127341,4.537543224,0.170568771,-1.575652,-8.580591,-11.48977
TDG UN Equity,#N/A N/A,16.05569067,21.54063951,1346.86,1312.911255,1323.681396,75853248046,23.48810872,47.16874292,#N/A N/A,#N/A N/A,40.38741481,0.830916988,4.833586,4.146175,-1.782843
TDY UN Equity,8.114115604,22.69839966,22.91918894,522.3,534.4381714,516.822876,24522500510,13.61607886,17.6074866,29.18559139,2.32199432,29.38524346,0.773942303,1.779139,-4.393191,4.320206
TECH UW Equity,3.800203876,35.94916775,38.94444707,61.68,60.94950104,55.46482468,9610527398,6.409469308,9.034453795,23.1423884,4.886844731,47.33099413,0.988695464,7.584377,14.14561,27.04233
TEL UN Equity,14.77145148,34.29773148,27.44538883,234.36,230.2106018,185.4830933,68946191693,10.67083768,18.60155254,48.58601728,5.485311626,34.5555515,1.324616772,-3.011279,13.10918,43.29448
TER UW Equity,15.7684494,76.45125369,67.16260037,200.77,160.9017029,111.0454025,31442248993,15.49459692,17.84998519,2.717737136,11.61828645,71.03704253,1.895194366,10.22337,68.97826,135.9683
TFC UN Equity,8.253481753,16.65441612,23.53544372,47.53,44.79199982,42.79294968,60802577162,25.97228431,31.48562062,102.7999812,1.017803459,12.51561457,1.080555996,7.467478,4.501094,19.67891
TGT UN Equity,25.09503168,34.49929627,29.29682396,92.19,90.38960266,97.70835114,41744223675,3.575568689,4.944793904,135.5175235,2.692943183,12.23063191,0.638656286,2.294479,2.003804,-3.058617
TJX UN Equity,58.39607575,17.56909723,16.29071117,153.28,145.0493927,132.0509033,1.70212E+11,8.67936045,11.31080554,152.2459192,18.18623326,33.7478049,0.447902383,6.303143,9.148664,20.05947
TKO UN Equity,5.817188955,29.7318042,27.01017419,202.22,189.4579926,172.8396454,39449275169,5.27216481,20.26869886,34.81523436,10.32358815,93.64447572,0.857257758,10.76906,1.247853,22.60125
TMO UN Equity,13.13855476,18.10769278,28.60365426,572.77,556.8961792,481.0032349,2.15194E+11,15.02194988,17.16434973,65.98417588,4.217924936,30.31016893,0.689772762,0.06290009,17.5616,42.79701
TMUS UW Equity,19.03356932,22.97887535,20.84279083,209.63,217.9385986,239.5372925,2.34473E+11,13.82692465,22.28266567,184.5515946,3.877051913,19.65738084,0.421127403,1.770196,-13.27118,-14.01612
TPL UN Equity,39.36951261,47.49669259,42.17694071,925.08,930.5673828,1081.945068,21257792603,61.67699169,75.79787544,0.112939473,15.53973131,44.6898559,1.296134147,-5.589981,1.559721,-16.60642
TPR UN Equity,16.05252262,47.32344446,41.08764489,116.3,110.4375992,93.21485138,23800766158,3.765365299,6.814839479,454.5581721,59.88212923,19.66587677,1.152612582,12.55787,11.33372,48.38263
TRGP UN Equity,61.56759521,28.88381095,32.77286696,180.74,163.7722015,169.9790039,38797388857,9.543675912,17.92150996,323.4394097,14.3456261,18.48748801,0.825292512,5.044756,13.32751,9.519146
TRMB UW Equity,6.131109035,30.88710114,28.39427312,83.52,79.4897995,74.93977356,19871158746,9.930850621,15.2545197,26.72097192,3.431676546,40.56101473,1.407147409,5.855507,2.74326,15.64663
TROW UW Equity,19.28047171,21.97248101,22.64365077,106.58,102.8862,99.48537445,23259699460,28.89163382,31.72986177,2.434039877,2.155193594,11.22848705,1.112532682,3.818428,-0.2686616,16.01126
TRV UN Equity,19.6678189,16.08321487,18.57743375,280.89,278.7609863,267.6596069,62656283201,12.13536071,15.89538055,29.81625036,1.981665768,10.92322094,0.421424146,0.3859823,2.748672,3.476254
TSCO UW Equity,45.45863847,24.34846789,21.86888089,54.08,54.69279861,54.84415054,28576066418,7.176236306,9.662849945,238.9259466,11.11874674,27.82624539,0.645729264,0.08209999,-9.611323,7.023207
TSLA UW Equity,7.032641543,50.70383417,49.38374635,455,435.2170105,342.5899048,1.51325E+12,5.511695754,4.735812952,18.48941368,18.91234213,327.2055995,1.892913593,5.932206,31.35104,54.16412
TSN UN Equity,2.599040439,29.49781535,24.27904439,56.92,53.71139908,56.33549881,20095838803,0.870667328,2.016862291,53.19032205,1.111017935,16.21012739,0.166311522,8.993779,2.715423,4.725266
TT UN Equity,36.83423589,24.8745809,22.79540925,401.43,420.778595,404.7394409,89012688376,13.92591467,18.79209934,71.9256301,10.70312845,31.16886085,1.176912927,-7.394708,-3.027016,-5.979071
TTD UQ Equity,16.78293233,42.03240859,40.43676454,40.05,46.81679916,59.47169876,19367974423,15.71697596,18.91259826,10.58662765,7.464434244,46.03448188,1.2424355,-6.860467,-23.02518,-43.95466
TTWO UW Equity,-86.60946438,31.81856897,26.89226628,247.88,250.113205,232.4751434,45802976876,-64.26469879,-64.07498513,192.0709173,13.34055098,#N/A N/A,0.760414513,6.84483,-0.361763,6.514267
TXN UW Equity,29.59138516,32.47652861,31.30669324,182.54,169.8356934,182.4681549,1.6586E+11,29.20769142,34.32758022,85.05590724,9.979482402,33.79995943,1.150222172,13.69666,-0.9012063,-3.581462
TXT UN Equity,11.45112157,15.48186737,20.84872966,83.47,82.27919769,77.72564697,14709422622,5.808808035,7.269789984,54.95558023,1.962141004,14.91740583,1.062818754,1.755458,0.9071179,10.50963
TYL UN Equity,9.168320641,29.4544452,28.95873298,469.33,486.1816101,548.1976318,20194203582,13.71857884,15.41958115,18.83968408,5.603738034,65.02207486,0.570475602,1.273114,-17.09415,-18.55021
UAL UW Equity,25.58844092,49.18900358,44.30898942,104.95,97.53679657,87.53334808,34392520842,5.643406603,8.274940465,265.3491124,2.374510822,9.711787718,1.176761116,7.718359,-2.616683,24.5993
UBER UN Equity,77.48520296,36.06117445,34.16833687,91.32,93.03279877,87.24440002,1.89747E+11,33.54162467,9.193710945,45.76437088,6.842193336,41.5833738,1.316096405,-0.7283381,-3.221705,6.682244
UDR UN Equity,4.324870324,22.50806415,18.20064823,35.2,35.53079987,39.59424973,11633100864,8.799257788,20.10812373,132.4892426,3.602655799,89.92415399,0.546086978,2.117782,-8.069901,-12.34179
UHS UN Equity,19.96679731,28.28634392,25.52866424,231.08,218.622406,189.1666565,14438452865,8.093286787,11.47136475,73.27463885,2.013817465,11.09917265,0.708621667,0.8912576,24.50099,22.24925
ULTA UW Equity,47.96721015,44.40636845,34.81781438,601.5,532.7485962,465.0024109,26683846458,9.932100258,13.1226904,77.28943602,10.16627827,22.88594986,0.699642375,16.16679,15.71536,29.17704
UNH UN Equity,18.48341232,32.26866246,27.68839473,330.91,342.1195984,361.9155884,2.99751E+11,4.041970866,6.056866571,79.72726652,3.129907642,16.75866877,0.103395239,2.748229,4.679524,11.35291
UNP UN Equity,41.61945231,15.10020463,16.8892806,235.31,226.3970032,226.4295044,1.39577E+11,28.72973193,40.6176159,192.2024867,8.065692066,19.99235323,0.675590416,6.86744,8.943206,6.588638
UPS UN Equity,33.67197062,37.30143972,28.93909052,94.87,90.77580261,96.61495209,80486341777,6.148653934,9.183867327,153.2102968,5.086667769,12.57512037,0.795357619,0.5959833,14.47088,0.1034492
URI UN Equity,28.78107047,24.07008533,29.92797736,796.91,891.7717896,785.8721313,50707500446,15.82634805,25.07193795,172.4889817,5.646239801,25.68322926,1.538699273,-5.85708,-17.69299,13.22445
USB UN Equity,12.59396932,20.55732227,22.0574368,51.26,47.61660004,45.24459839,79680290274,25.5056419,32.26172734,126.8445122,1.416678266,11.72997673,1.092098136,8.326286,6.498503,17.00698
V UN Equity,53.29613392,15.58506518,17.50447095,331.24,338.8963928,344.9469604,6.48738E+11,50.145,59.985,68.80687963,16.26609036,31.11739388,0.740589609,-1.227642,-3.039767,-10.19491
VICI UN Equity,10.35725968,15.19978624,14.99246894,27.73,30.42000008,31.87685013,29638139318,70.17549164,92.33497049,62.12177435,1.070987381,10.54850297,0.263338146,-8.602507,-15.58543,-9.45454
VLO UN Equity,5.999558561,32.94061,32.97737825,174.14,170.5491943,143.9751434,53114361121,1.21474596,1.587701408,38.01824062,2.236031041,22.58857192,1.115052771,-0.1867859,11.3955,37.69733
VLTO UN Equity,38.03374297,24.79891364,19.28529774,102.16,101.6747971,100.7879028,25366056765,16.7461482,23.27586207,135.3056235,8.909845068,27.54301133,0.699306624,3.600044,-4.335444,2.101169
VMC UN Equity,13.47330635,20.184303,19.09471543,294.87,294.2654114,271.6287537,38961439957,14.19038074,20.82693698,72.44089653,4.456371431,36.34531727,0.752291214,2.806608,-1.186521,11.72432
VRSK UW Equity,272.5121987,40.79545312,33.22041644,221.24,229.2987976,274.9667358,30834787387,30.41756065,44.44957914,3091.238095,81.85375233,33.91871459,0.293205448,3.065313,-18.82566,-30.55332
VRSN UW Equity,#N/A N/A,23.81160112,23.32164079,249.54,255.4246063,265.5197144,23132358000,49.85553575,67.62156513,#N/A N/A,#N/A N/A,29.05005743,0.478274653,3.446587,-11.52633,-11.92701
VRTX UW Equity,22.30733512,28.79998233,25.1283228,455.48,421.2127075,442.8277893,1.15564E+11,31.34868169,34.0637875,10.66144208,6.678858848,29.41329246,0.641770562,11.23648,15.23846,1.105441
VST UN Equity,33.69012107,47.67512779,49.08194077,167.17,189.0888062,170.6744537,56641457163,6.70118085,11.81432145,295.8266165,20.70851334,35.07949453,2.121272648,-12.47644,-10.9894,-3.492278
VTR UN Equity,2.151926281,22.33261375,20.03892292,80.61,73.87239838,68.35175323,37865162943,4.284665042,14.36756303,123.3462285,3.061196961,166.3612286,0.257615361,5.968188,19.21685,28.50369
VTRS UW Equity,-21.08711797,40.26500282,32.6135544,10.93,10.35599995,9.468899727,12588844701,-26.13420747,-18.7632749,76.80824233,0.832565096,18.46118558,0.860592398,9.230116,5.47794,28.34261
VZ UN Equity,19.7022367,19.69758439,22.0929488,41.69,40.77999878,42.7425499,1.75783E+11,14.42785346,23.03859889,167.3944817,1.673452265,9.115981268,0.245879566,4.14689,-2.096358,-1.608418
WAB UN Equity,11.08085266,20.78045709,23.21359282,214.95,201.5007935,194.7296448,36747247131,10.94112193,16.42095503,42.31718149,3.325032085,29.63533808,1.191411799,4.312111,12.71478,4.48919
WAT UN Equity,32.98664495,29.72619944,29.75498163,394.81,357.9052124,338.8337097,23504910699,20.89145612,26.54317728,93.10010845,10.08329501,32.95586393,0.693269648,6.220236,27.61742,12.42702
WBD UW Equity,1.363930369,35.02035893,43.41399176,26.08,21.29050064,13.73767471,64625575195,1.280933893,1.455246547,123.092335,1.793552108,#N/A N/A,1.244838994,15.0419,111.1741,165.5805
WDAY UW Equity,7.335885277,38.22560806,36.99296179,219.96,231.1360016,237.4931183,57849480000,6.954826129,6.727331817,37.20389639,6.515314987,69.40176373,1.052054663,-2.313804,-5.111941,-12.96296
WDC UW Equity,28.7350398,76.96214921,68.33921672,168.89,141.0010986,80.45960236,57743369568,21.47975337,25.69571738,87.58122744,10.0722163,26.58174266,2.291433726,3.722581,81.17818,205.154
WEC UN Equity,13.21148988,14.81747576,15.31133454,105.71,112.9107971,108.5339508,34386855379,17.760181,24.95915033,159.1076325,2.534333826,20.13928496,0.049546256,-5.590331,-0.7449746,1.742175
WELL UN Equity,2.780025253,17.61383922,19.43583666,204.31,185.3553925,162.8779449,1.40224E+11,9.69306872,15.22090608,51.44926473,3.606337737,134.6597832,0.28765329,7.806212,21.10375,33.39096
WFC UN Equity,12.19042504,18.04325835,26.01456816,89.83,84.62400055,78.03504944,2.81984E+11,25.4345594,29.0584043,158.1230049,1.727148871,15.20239627,1.071914522,4.404929,14.10137,18.9857
WM UN Equity,29.30620642,25.40959337,20.11133528,213.58,212.1065979,224.4958038,86044344753,10.34538412,16.42995481,303.0409498,9.03909723,29.65677975,0.124387684,6.183142,-1.750376,-8.9342
WMB UN Equity,19.02886084,26.81865555,26.17652994,62.81,60.89500046,59.13055038,76704757036,20.61765985,34.28447151,179.4070081,6.147682954,34.10260174,0.49021028,5.421281,11.42307,5.471949
WMT UN Equity,24.87486564,25.8437673,22.66707032,115.11,104.9451981,98.23184967,9.17446E+11,3.258607717,4.121406251,61.53420956,9.549575675,44.80030786,0.722042073,12.20392,12.544,18.3754
WRB UN Equity,20.91605691,31.62999563,26.84121056,66.72,75.32080078,71.08543396,25355012729,13.00662324,17.4961995,36.38876238,2.586558376,15.90601747,0.262204789,-11.0044,-7.745073,-9.276499
WSM UN Equity,56.91865303,33.70554413,32.73390733,179.36,188.3036041,177.9473572,21412124325,14.29662009,18.55502562,62.88755841,10.44255479,19.63641976,1.422080689,-8.931199,-11.44414,14.50941
WST UN Equity,16.94465504,31.95989258,35.91570571,280.23,273.3716125,239.0513,20160702345,16.29278637,19.48043341,11.27017858,6.915064666,39.44776384,0.782575095,3.473705,10.78615,24.92388
WTW UW Equity,27.79273659,16.11989613,17.30361087,320.7,327.7644043,321.4944153,30706580189,21.576425,21.6070154,74.04265935,3.982198969,18.81795947,0.34876222,-1.640845,-3.213416,4.294172
WY UN Equity,3.418538601,22.89610444,20.29226396,21.69,23.13739967,25.73974991,15635475090,4.680429864,8.781108597,53.8421973,1.656651354,53.34126985,0.718400431,-5.133949,-15.62588,-17.42306
WYNN UW Equity,#N/A N/A,39.49878848,42.76755058,125.51,123.7319031,103.9606476,13049836859,7.091781472,17.02457607,#N/A N/A,#N/A N/A,23.11917938,0.874002956,-0.2888936,2.531663,51.34015
XEL UW Equity,9.449090864,16.17469415,20.19607717,77.18,80.48459625,72.97327423,45655039680,13.45937588,16.51672758,154.738244,2.155079068,21.22479564,0.105121268,-4.610065,8.407285,14.49114
XOM UN Equity,11.32111129,17.07940652,17.98306867,116.54,115.0830002,110.9116516,4.91468E+11,9.218463395,10.88100602,17.80965684,1.886119503,17.36284425,0.292985066,0.2783278,7.006153,13.78061
XYL UN Equity,8.697247706,16.76368557,15.54453213,139.01,145.8771973,133.0622559,33844634448,10.65887115,12.78389926,22.69803345,3.020338508,28.55938816,1.010167087,-7.869314,-0.447804,10.34901
XYZ UN Equity,14.7820823,53.42015504,47.6555944,61.11,70.81580353,66.70379639,37134408150,13.0805231,5.155835758,30.93508244,1.654162832,37.04267249,1.582149392,-6.631011,-19.40121,-5.970145
YUM UN Equity,#N/A N/A,28.06967037,24.23724686,144.96,147.4172058,148.0193939,40248554092,17.95062647,30.92668403,#N/A N/A,#N/A N/A,25.10043058,0.319854924,-2.322146,-1.576319,1.06212
ZBH UN Equity,6.40714965,55.5284579,41.81021149,94.28,96.30879974,98.92810059,18684557005,10.04993134,16.63462739,51.6824033,1.464064808,18.46749898,0.569006626,6.531072,-9.741464,2.573025
ZBRA UW Equity,14.28571429,52.40576587,45.6550714,264.81,273.144104,289.8039856,13415338684,9.743101808,14.95718363,65.86726157,3.585746098,25.61619199,1.581372619,2.030511,-15.61185,-10.34331
ZTS UN Equity,49.86832205,51.32367412,37.66489418,118.65,134.0767975,151.1559448,52288249841,28.21113121,37.24592955,113.081761,9.703546591,19.11612478,0.575490131,-1.322352,-21.54087,-29.79412
